:020000040800F2
:10000000789A0020C50100089F290008451D0008B6
:100010009D2900081D080008F544000800000000A4
:100020000000000000000000000000004542000841
:10003000930E0008000000006D39000829430008F5
:10004000DF010008DF010008DF010008DF01000810
:10005000DF010008DF010008DF010008DF01000800
:10006000DF010008DF010008DF010008DF010008F0
:10007000DF010008DF010008DF010008DF010008E0
:10008000DF010008DF010008DF010008DF010008D0
:10009000DF010008DF010008DF010008DF010008C0
:1000A000DF010008DF010008DF010008DF010008B0
:1000B000DF010008DF010008DF010008DF010008A0
:1000C000DF010008DF010008DF010008DF01000890
:1000D000DF010008DF010008DF010008DF01000880
:1000E000DF010008DF010008DF010008DF01000870
:1000F000DF010008DF010008DF010008DF01000860
:10010000DF010008DF010008DF010008DF0100084F
:10011000DF010008DF010008DF010008DF0100083F
:10012000DF010008AD0C0008DF010008DF01000856
:10013000DF010008DF010008DF010008DF0100081F
:10014000DF010008DF010008DF010008DF0100080F
:10015000DF010008DF010008DF010008DF010008FF
:10016000DF010008DF010008DF010008DF010008EF
:10017000DF010008DF010008350A0008DF01000880
:10018000DF010008DF010008DF010008DF010008CF
:10019000DF010008DF010008DF010008DF010008BF
:1001A000DF010008DF010008DF010008DFF810D0E0
:1001B00000F0C2FA00480047D5670008AFF300809E
:1001C000789A00200648804706480047FEE7FEE789
:1001D000FEE7FEE7FEE7FEE7FEE7FEE7FEE7FEE7F7
:1001E00099430008AD01000810B5431A934209D2A3
:1001F0008318881803E010F8011D03F8011D521E32
:10020000F9D210BD40EA01039B0703D009E008C9F9
:10021000121F08C0042AFAD203E011F8013B00F8CB
:10022000013B521EF9D210BDD2B201E000F8012B01
:10023000491EFBD270470022F6E710B513460A4666
:1002400004461946FFF7F0FF204610BD30B50446BE
:100250000020034600E05B1C934203D2E05CCD5CCF
:10026000401BF8D030BD2DE9F04D81EA030404F0C5
:10027000004B21F0004514464FF0000A23F00041E6
:1002800050EA050220D054EA01021DD0C5F30A57F6
:100290000246C5F31303C1F31300C1F30A5640F439
:1002A000801543F48013A7EB0608101BD64608F20E
:1002B000FD3873EB050002D308F1010801E0921844
:1002C0005B41B8F1000F03DA00200146BDE8F08D74
:1002D00000204FF48011064684460EE0171B73EB96
:1002E000050705D3121B63EB050306434CEA010C1B
:1002F00049084FEA300092185B4150EA0107EDD1FE
:1003000052EA030012D082EA040083EA050108439E
:1003100005D0101BAB4106D20122002306E00022CB
:100320004FF0004302E06FF0010253101AEB060099
:100330004CEB085110EB0A0041EB0B01BDE8F04D0E
:1003400000F054B80EB540F2334102910021CDE9DE
:1003500000110A460B4600F058F803B000BD30B556
:100360000B46014600202022012409E021FA02F573
:100370009D4205D303FA02F5491B04FA02F528440D
:10038000151EA2F10102F1DC30BD2DE9F05F05463A
:10039000002092469B4688460646814640241BE044
:1003A000284641464746224600F0E7F953465A465A
:1003B000C01A914110D311461846224600F0CEF9DA
:1003C0002D1A67EB01084F4622460120002100F05C
:1003D000C5F917EB00094E41201EA4F10104DFDC32
:1003E000484631462A464346BDE8F09F10B5141EE4
:1003F00073F1000408DA401C41F1000192185B41DE
:100400001A4301D120F0010010BD2DE9F04D9246B4
:100410009B4611B1B1FA81F202E0B0FA80F22032CB
:10042000904600F09BF904460F4640EA0A0041EA74
:100430000B0153465A46084313D0114653EA0100B4
:1004400019D0C8F14002504600F097F905460E4613
:1004500050465946424600F081F9084305D0012034
:1004600004E020463946BDE8F08D0020054346EA09
:10047000E0762C4337430A986305E40AA0EB0800B2
:100480000022FD0A44EA47540A3002D50020014602
:10049000E9E7010510196941DDE9084500196941DD
:1004A000BDE8F04DA2E72DE9FE4F804681EA03004A
:1004B000C00F0C46009021F0004123F00045B8EB3E
:1004C0000200A94105D24046214690461C460B46F3
:1004D000024623F00040104347D0270DC7F30A001F
:1004E000C3F30A510290401A019040286BDAC3F31B
:1004F000130040F4801B0098924620B10023D2EBF9
:10050000030A63EB0B0B01985946C0F140025046B9
:1005100000F024F906460D4650465946019A00F06F
:100520003CF910EB08006141002487EA115284EA8B
:10053000E7731A4340D0009A62B3019A012A4FEA46
:10054000075215DC001B61EB02014FF0004202EA8A
:100550000752CDE90042001C41F5801132462B467E
:10056000FFF753FF03B0BDE8F08F40462146F9E79F
:10057000001B61EB0201001C41F5801300185B4178
:100580002018A2F5001747EB030140EAD570B61911
:100590006D4111E06D084FEA360645EAC0754FEA35
:1005A0000752001B61EB0201001C41F58011490854
:1005B0004FEA30000019514132462B4603B0BDE8E6
:1005C000F04FFFF713BF0098012240000023D0EB4B
:1005D000020263EBE073009821464FEAE074B8EB47
:1005E000000061EB0401E9E783F000435BE781F081
:1005F000004158E72DE9FE4F81EA030404F000446E
:1006000021F0004100944FF0000B23F0004350EA2A
:1006100001045ED052EA03045BD0C3F30A54C1F371
:100620000A552C44A4F2F3340194A0FB0254C1F304
:10063000130141F48011C3F3130343F4801301FB4E
:10064000024400FB034E840A970A44EA815447EAB5
:100650008357A4FB076802958D0A05FB07854FEABF
:10066000932C04FB0C542705029D4FEA065847EAD9
:100670001637B5EB08056EEB070C870E920E47EAAE
:10068000811742EA8312A7FB0201B6EB0B0164EB70
:1006900000042B0D43EA0C335E1844EB1C50DA4681
:1006A0005146E7FB0201C5F313044FEA0B3343EA5B
:1006B00014534FEA0432019C43EA0603A4F10C04EC
:1006C0000294009CCDE900B4FFF79FFE03B0BDE8A3
:1006D000F08F00200146F9E7C1F30A52C1F313017C
:1006E00040F2FF3341F480119A4202DA00200146C1
:1006F000704740F233439A42A2F2334202DC524244
:1007000000F03BB800F02AB830B5041E71F10004C7
:1007100004DB4FF00044404264EB0101141E73F10E
:10072000000405DB1C464FF00043524263EB040318
:10073000994208BF904230BD064C074D06E0E06884
:1007400040F0010394E8070098471034AC42F6D318
:10075000FFF730FDF0AE000810AF0008202A04DBE0
:10076000203A00FA02F1002070479140C2F12003C4
:1007700020FA03F3194390407047202A04DB203A03
:1007800021FA02F00021704721FA02F3D040C2F1B1
:1007900020029140084319467047202A06DBCB17F8
:1007A000203A41FA02F043EAE07306E041FA02F32C
:1007B000D040C2F12002914008431946704770B5FD
:1007C0008D1810F8014B14F0030201D110F8012B21
:1007D000231106D110F8013B03E010F8016B01F87A
:1007E000016B521EF9D1ABB110F8012B04F00C04CF
:1007F0008A1A0C2C03D0A2EB84129B1C08E010F880
:10080000014BA2EB0422F8E712F8014B01F8014B6F
:100810005B1EF9D5A942D4D3002070BDFEE70000CD
:100820001148012202700021418081804FF4F06361
:10083000C3804FF487630381827210238381042372
:10084000C3814FF4F07303824FF488734382818233
:10085000C1820523037641768176C176017741779F
:100860008177C27770470000740000201148012290
:1008700002700021418081804FF4F063C3804FF407
:10088000876303818272102383810423C3814FF421
:10089000F07303824FF4887343828182C1820523FF
:1008A0000376417681760323C3760177417781779A
:1008B000C2777047740000200649002804D00868F9
:1008C00040F0010008607047086820F001000860EF
:1008D0007047000000000550014948617047000062
:1008E000000005500649002804D0086840F4804004
:1008F00008607047086820F4804008607047000076
:100900000000055070B51E4C012020701D4E204681
:100910001C4BE168351D00690C3B00291CD01A688E
:1009200002F40022C9070AD14AB1316801EBC000C4
:10093000002100F0F3F9E068401EE0601BE0196858
:10094000090318D4296801EBC000012100F0E6F981
:10095000E068401EE0600EE019680A030849496932
:1009600001D5316007E01A68120304D401EB80005E
:100970002860A068E060BDE87040012000F03AB84F
:1009800058000020346402402DE9F04107468846B3
:1009900015461E46154C20680103154802D4122145
:1009A000816104E02168090301D522218161206869
:1009B00020F4002020600021204600F0D1F92068BA
:1009C00040F48020206009481030056032464146DE
:1009D000384600F043FA01221021204600F0FAF9CF
:1009E0002046BDE8F041012100F0BAB92864024078
:1009F0005800002003460020190B074A002906D0A2
:100A0000022906D01169194200D00120704791686F
:100A1000F9E75168F7E700000000055002460020A2
:100A2000034909691140002900D0012070470000E6
:100A3000000005502DE9F05F0120FFF7EFFF0128CE
:100A40005DD1FFF749FF00F0A9F82E48DFF8B89014
:100A5000DFF8B8A02E4DDFF8BCB02F4E41684FF044
:100A60000108002700F11C0439B34760628A218A1B
:100A70002A4801F01FFD307870B137702748C9F857
:100A80000000208A618A48434000CAF800002868B4
:100A9000401C28608BF80080608A218A484300EB64
:100AA000D07041101E4801F0CDF81E480178491C55
:100AB0000170BDE8F05F00F065B8C0F80480628A9C
:100AC000218A174801F0F6FC307870B1377014486D
:100AD000C9F80000208A618A48434000CAF8000033
:100AE0002868401C28608BF80080608A218A48436F
:100AF00000EBD0704110094801F0A4F8D5E7BDE83B
:100B0000F09F0000580000204414002048140020EA
:100B100040140020381400203A140020000030D087
:100B2000000010D024000020064A002903D0D1681C
:100B30000143D1607047D168C04380B20140D160A9
:100B4000704700000000055030B50D490A6844F2B6
:100B500001039A430A600A6840F6F2739A430388D5
:100B60004488C588234384882C4323430489234332
:100B7000448980892343034313430B6030BD000045
:100B80000000055010B50121034800F0E9F8BDE868
:100B900010400120FFF790BE2864024010B5054CBC
:100BA0000021204600F0DCF8204600F0F1F8002893
:100BB000FAD110BD2864024010B50121CC052046B1
:100BC00002F0E4FE2046BDE81040002102F0DEBE47
:100BD00001460020024A52680A4200D001207047B4
:100BE00000B0024030B500242A4B19682A4A11404F
:100BF00019601968026811431960596B21F00701E7
:100C00005963596B4268114359634168002928D0E0
:100C100001292DD0022930D0032933D0C1680A011F
:100C200001690902446924038568214315430D4382
:100C3000996B0D439D638169D963196C6FF30D0145
:100C40001964196CC26911431964818C09045A6CC6
:100C500002F040425A645A6C006A02430A435A64E2
:100C600030BDC1680A02018A0904047D2406DBE75D
:100C7000C1680A02018A0904D6E7C1684A0101690C
:100C8000C902D1E7C1684A01016989024469E403E4
:100C9000CAE7000000B00240FCE0FCFF0248016827
:100CA00041F001010160704700B0024070B5184D7D
:100CB000184C2946204600F073F8012827D12068F7
:100CC000400311D52946204600F034F82168090375
:100CD00003D4BDE87040FFF715BE2068000316D5A9
:100CE000BDE87040FFF70EBE2268520304D4002214
:100CF0001021204600F06EF82946204600F01AF830
:100D0000054911208861BDE87040FFF7FBBD70BD4B
:100D1000000800102864024058000020002902D07A
:100D20000349086070470249091F086070470000C6
:100D300038640240074A904201D2074801E0054862
:100D40001038064A8B0001EA020101D5C1607047E4
:100D50008160704710640240006002407D0F7D0F8B
:100D6000002904D0016841F0010101607047016869
:100D700021F0010101607047002904D0016841F4AD
:100D8000802101607047016821F480210160704773
:100D9000014600200968C90700D001207047000003
:100DA00002460020084B9A4201D2084A01E0064A56
:100DB000103A8B0001D5526800E01268044B1A40CB
:100DC0000A4200D0012070471064024000600240D7
:100DD0007D0F7D0F0B0609D522B1436943F08003D7
:100DE000436103E0436923F080034361802905D018
:100DF00001F01E011AB102680A43026070470268DE
:100E00008A4302607047000030B50368124A1340FD
:100E1000CC680A682243D1E905452C432243CC69BA
:100E200022430C6A22434C6A22438C6A22434C6B55
:100E300022438C6B22431A430260426922F007036B
:100E4000D1E90B2422431A4342610A6942604A688D
:100E500082608968C16030BD3F801CF0034B1A601E
:100E60001A1D1060101D0160704700002C640240C4
:100E70000021016041608160C16001614161816167
:100E8000C161016241628162C16201634163816348
:100E90007047704770B586B00121084602F068FDC2
:100EA0000121102002F0B8FD1E4E07220A21304613
:100EB00000F086FE07220921304600F081FE002462
:100EC0008DF8164001208DF8170002258DF814507A
:100ED000410204918DF8155004A9304600F032FE0D
:100EE0008DF814506802049004A9304600F02AFEE0
:100EF0004FF4E1300090ADF80440ADF80640ADF895
:100F00000840ADF80C400C20ADF80A00064C6946CC
:100F1000204603F08DFA0121204603F075FA06B051
:100F200070BD0000000002400010014001B5034800
:100F30000099016001680029FCD108BD540000201F
:100F400001B503480099016001680029FCD108BD82
:100F50005400002010B500F0FDF800F031FB012135
:100F6000002000F001FC400704D50348416841F02F
:100F70001001416010BD0000701400201B4A506831
:100F800003681146002B89680DDB0368DB050AD571
:100F90008B685B1C8B608B68012B00D108605068EC
:100FA0004860012070470368002B0EDB03689B0537
:100FB0000BD50368DB0508D40860002048600120D9
:100FC00088605068C06850600DE00368002B0ADB41
:100FD00003689B0507D40368DB0504D48B685B1C9E
:100FE0008B60C068506000207047000078140020BB
:100FF00070B50121002000F0B7FB00F004040A4D99
:1010000001262CB1687818B9084805F056FF6E70B3
:10101000002C08D16878002805D02E70034805F010
:101020003FFF0020687070BD70140020141A00206B
:101030000649002804D0886940F0020088617047A2
:10104000886920F00200886170470000009002402B
:101050002DE9F0410023124F78604FF0004C44F22C
:10106000F458561E14E000EB4314C4F800C0C4F852
:101070000480C3EBC31505EB450501EB8505A560B1
:10108000B34203D204F12005E56000E0E0605B1CA0
:101090009342E8D30349C8600348B860BDE8F081D3
:1010A0007814002000900240A84B00200649002838
:1010B00004D0886940F4005088617047886920F442
:1010C000005088617047000000900240F0B5002396
:1010D0000E4C20604FF48017561E11E000EB4314B5
:1010E0002760C3EBC31505EB450501EB8505A5603E
:1010F000B34203D204F12005E56000E0E0605B1C30
:101100009342EBD302490861F0BD0000781400203F
:101110000090024002680A430260704710B5012146
:101120004C06204602F032FC2046BDE8104000216B
:1011300002F02CBC38B5064CA06940F48010A061C8
:10114000A06900900120FFF7F1FE0098A06138BD72
:10115000009002402DE9FC41012140F2471002F0CD
:1011600007FC01218F03384602F056FC012003F0F2
:101170006BF80224009403268DF8056001208DF899
:10118000040000258DF806508DF80750DFF8008127
:101190006946404600F0D6FC0221404600F027FD9B
:1011A0000520FFF7C3FE0221404600F022FD052086
:1011B000FFF7BCFE042000908DF805608DF8044018
:1011C0008DF806508DF80750324E6946304600F0D3
:1011D000B9FC0B220221304600F0F2FC00942E4DA7
:1011E0006946284600F0AEFC0B220121284600F09B
:1011F000E7FC00946946304600F0A4FC0B22012174
:10120000304600F0DDFC802000906946304600F05A
:1012100099FC0B220721304600F0D2FC10200090F0
:101220006946284600F08EFC0B220421284600F077
:10123000C7FC202000906946284600F083FC0B2262
:101240000521284600F0BCFCA0020090134C694622
:10125000204600F077FC0B221146204600F0B0FC3F
:10126000781000900E4C6946204600F06BFC0B2273
:101270000D21204600F0A4FC00976946204600F0AE
:1012800061FC0B220E21204600F09AFCBDE8FC8197
:10129000002002400000024000080240000402401A
:1012A00000180240002003490968C90700D0012046
:1012B00070470000009002401EB500210191094BCB
:1012C00059680A68C2F30D42121F00929A681468A6
:1012D0000294126892680192C96859609DE80E00F4
:1012E0000EC01EBD781400202DE9F04788B00446DA
:1012F000884600270797029701200190984E306991
:1013000020F01C0503A802F095FB04989549964A25
:101310000144914202D245F0080516E09349944AEF
:101320000144914202D245F00C050EE09149924AE7
:101330000144914209D3914908449149884202D21B
:1013400045F0040501E045F0100535614FF4004219
:101350000021404600F0ACFA4FF400694FF4804A97
:10136000B0B1FF20FFF7E2FD2068B8B3854D0298C9
:10137000401C02900121404600F0F6F9400702D4DB
:101380000298A842F3D30298A84203D101973FE004
:1013900001973DE002974FF480520021404600F053
:1013A00087FA00B901970298401C0290012140463B
:1013B00000F0DAF9800602D40298A842F3D302982A
:1013C000A84201D1019723E002971F21404600F077
:1013D000CBF9C10603D5C4F8209001E007E02762ED
:1013E000400701D5676113E0C4F814A010E0206A3B
:1013F0000021C0F3CF026069C0F34F0002434046B2
:1014000000F056FA00B9019740F6FF70FFF78EFD25
:10141000019818B9C4F82090C4F814A030685A494B
:101420000840D4E901121143E26854F8103F1A430E
:10143000114362681143A2681143E26811432269B3
:10144000114362691143A2691143E2691143226A9F
:101450001143626A1434114301433160356801203D
:10146000FFF764FD356054F8140F61680843D4E950
:101470000212114308432169084361690843A169C5
:101480000843E1690843706075680120FFF74EFD6D
:101490007560206AB060606AF060B1694FF64170B3
:1014A0000140D4E90B021043238D626B42EA0342F0
:1014B0001043A26B1043E26B10430843B061B5695F
:1014C0000120FFF733FDB561D4E910010843F06155
:1014D000F5690120FFF72AFDF5612C4DA9692C481B
:1014E0000140D4E912021043D4E914231A431043F3
:1014F000A26D1043E26D1043226E1043626E1043E2
:10150000A26E10430843A861AE690120FFF70EFDEB
:10151000AE61D4E91B010843616F54F8782F114381
:101520000843616840EA8100A168084340F4000074
:1015300028602C680120FFF7F9FC2C60286840F037
:10154000800028602C680120FFF7F0FC2C600198D7
:10155000012803D0002008B0BDE8F0870120FAE799
:101560000080024000D3CEFEC0E1E40040F1E9FD7E
:1015700040787D0100796CFC005A6202001F0AFA73
:1015800080F0FA02FFFF04000F8120FF009002406C
:10159000233FDEF80A794B7942EA0322074B1844CD
:1015A00002640A78CB7842EA03628B7849781B049C
:1015B00043EA01210A434264704700000080024070
:1015C00010B501214FF0606002F0D2F9FFF7A6FDDF
:1015D00000F0F6F8FFF766FE0128FBD0194800F08E
:1015E00019F918480121343040F8341C002140F822
:1015F000181C4FF4007240F80C2C40F8081C416095
:1016000001618161C1610162520040F8102CC16426
:10161000D203026513118365016641660421C16628
:10162000026789034167890181674912C1674900DF
:10163000C0F8841000213438FFF756FE0249486094
:1016400010BD00004C1A00207014002038B5002195
:1016500000910A4C002804D0206840F0040020606B
:1016600003E0206820F00400206020680090012042
:10167000FFF75CFC0098206038BD0000008002404D
:1016800038B5002100910A4C002804D0206840F0B1
:101690000800206003E0206820F008002060206837
:1016A00000900120FFF742FC0098206038BD000048
:1016B0000080024070B50023294E31680A68002A74
:1016C00001DA002070BD40F2F455A84208D9B0FB01
:1016D000F5F2B0FBF5F405FB140414B1521C00E064
:1016E0000122012A2ED10A6842F040520A60C0F35A
:1016F0000C004860086840F000400860C96823E0BA
:101700000C6824F040540C601BB90C6844F0805401
:101710000C604D60541EA3420ED10C6844F000547E
:101720000C60C2F10104C4EBC41404EB440400EBEC
:101730008404C4F30C044C600C6844F000440C6056
:10174000C9685B1C9342DBD3316006484169490795
:1017500003D50421416100214160012070BD0000DA
:10176000781400200090024018B500220092124A1E
:10177000136903F01C044FF6FF7303EAC0232343ED
:101780004FF4F86000EA8110184320F0020040F0A6
:101790000100106109490098401C00901069C007C1
:1017A00002D000988842F6D30098884201D10020E8
:1017B00018BD506980B218BD00800240FFFF0400D0
:1017C0000248016841F00101016070470090024049
:1017D00010B50120FFF754FF0120FFF737FFFFF797
:1017E000A9FC0120FFF762FCBDE810400120FFF7D3
:1017F0001FBC10B50020FFF759FC0020FFF718FCB4
:101800000020FFF723FFFFF795FCBDE81040002004
:10181000FFF736BF01210160002141608160C16096
:1018200001614FF4804242618161C161D210026264
:1018300041628162C162016341638163C16340228D
:101840000264202242648164C1640165416581654E
:10185000C1650166802242668166C1660167416793
:101860008167C167D204C0F880205210C0F884207C
:10187000C0F888101311C0F88C30C0F89010C0F870
:101880009410C0F89810C0F89C10C0F8A010C0F8D0
:10189000A4205212C0F8A8209201C0F8AC20521225
:1018A000C0F8B020C0F8B410C0F8B81070470000FD
:1018B00038B500230093124B1C6904F01C054FF649
:1018C000FF7404EAC0242C434FF4F86000EA81104E
:1018D000204340F0020040F001005A6118610949BC
:1018E0000098401C00901869C00702D000988842F8
:1018F000F6D30098884201D1002038BD012038BDC0
:1019000000800240FFFF04007FB50026039690F898
:101910003100C00649D5284D286888B300214FF40E
:1019200080520846FFF7C4FF244C0398401C0390E4
:1019300001210020FFF718FF800602D40398A0427F
:10194000F3D303961F210020FFF70EFFC10603D536
:101950004FF40061296200E02E62400701D56E61FC
:1019600002E04FF480406861154C21682A6A68697A
:101970001043084320600120FFF7D8FA2068206058
:10198000FFF726FF0F4802906FF07F4001900E484E
:1019900000906B4601AA02A90C4805F01BFA0B48FF
:1019A00005F0B3FA0A4806707FBDFFF722FF07482B
:1019B00005F028FA7FBD00004C1A0020FFFF04004C
:1019C00000800240C0A8017AC0A80101141A0020BA
:1019D0007014002000224FF0204310280AD0B0F5E8
:1019E000807F09D0B0F5805F09D0D3F858018143DA
:1019F00009D107E0586EFAE7D3F88400F7E7D3F887
:101A0000A400F4E70122104670470000D0E900125C
:101A100011438268C068521E520142EA40200143CD
:101A20000148016070470000500100A070B50468D3
:101A3000A100A1F1C041D1F84011CE0BF603D0E9CD
:101A400001121143D0E903231A4311434269C369C8
:101A500011438269056A11431943426A29431143BC
:101A600031434FF02046002C3CD0D6F840416FF374
:101A70000E042B4322431343C6F840310268920000
:101A8000A2F1C042C2F84011016871B38900A1F10E
:101A9000C041D1F8481101F07043816A0A684C686E
:101AA000521E641E42EA04148A68521E44EA02244A
:101AB0000A8A521E44EA02421A43D6F8483103F019
:101AC0007043CC68898A641E2403491E44EA01518C
:101AD0001943C6F8481100688000A0F1C040C0F862
:101AE000482170BDC6F84011CEE7FFE7D6F848118F
:101AF00001F07041806A02684368521E5B1E42EA30
:101B000003138268521E43EA0223C268521E43EA4C
:101B10000233028A521E43EA0243828A007E521E28
:101B200043EA0252401E42EA00600843C6F84801F8
:101B300070BD000002490A6842EA40000860704730
:101B4000540100A02DE9F041002201274FF0030CC1
:101B500007FA02F50B682B40AB422CD10668530004
:101B60000CFA03F4A64306600E79D0F800809E407C
:101B700046EA080606600E79012E01D0022E12D127
:101B80008668A64386604E79D0F808809E4046EA73
:101B9000080686604668AE43466045688E79964082
:101BA000B6B235434560C568A543C560CC799C4055
:101BB000C3681C43C460521C102AC9D3BDE8F0811D
:101BC00010B54B07DB0E9A40C90800EB8100016A93
:101BD0000F249C40A1430162016A1143016210BDC0
:101BE0000246002012690A4200D00120704741835A
:101BF000704701837047000070B505460C46104ED3
:101C00003078002803D102F02FFA01203070220A28
:101C1000E1B2A13AC2EB021000EB421001EB40012D
:101C2000A13901EBC1008101C81701EB5070C1104F
:101C3000482201F5AA01284602F0F0F9002070BD03
:101C40004C0000202DE9F04391B005468846394EFE
:101C500000221C213046FFF7BDF837493046FFF718
:101C600069F800213046FFF77BF802A8FFF700F97A
:101C70004FF000700290002405940794C013089060
:101C80008000099080000A9080110B9040020C9017
:101C900004200D9003200E904FF400000F9010943C
:101CA00002A93046FFF7B0F839208DF804008DF80E
:101CB00005408DF806404FF001098DF8079001A806
:101CC00000F06EFE4FF480301C4F80450DD2002096
:101CD000FEF7F2FD424629463846FFF7BFF80122DB
:101CE00010213046FFF776F81DE0154CC4F80C9033
:101CF000C4F81080656104E049082161E168490089
:101D0000E16021698142F7D201213046FFF734F8C2
:101D1000E068801EE060A060236905EB830229462D
:101D20003846FEF731FE0120FEF7C6FD11B0BDE8D2
:101D3000F083000028640240000F001028000550C6
:101D40005800002001A002F0D7FBFBE70D0A206835
:101D50006172646661756C7421000000002904D012
:101D6000018841F4806101807047018821F480611D
:101D700001807047034600209A8A1B8B1B041A437C
:101D800022F07F42914300D101207047002904D006
:101D9000018841F0010101807047018821F00101B3
:101DA0000180704710B5154988420AD101214C05C0
:101DB000204601F023FE2046BDE81040002101F03E
:101DC0001DBE0F4988420AD101218C05204601F031
:101DD00015FE2046BDE81040002101F00FBE094964
:101DE00088420AD10121CC05204601F007FE204699
:101DF000BDE81040002101F001BE10BD00540040BC
:101E000000580040005C0040002904D0018841F4E3
:101E1000807101807047018821F4807101807047D2
:101E2000002904D0018841F40071018070470188C5
:101E300021F40071018070477FB504460D46A088EB
:101E400020F03F06684601F0F5FD02982749B0FBF7
:101E5000F1F189B20E43A680228822F0010222808D
:101E6000234B2A689A4209D85200B0FBF2F080B2A4
:101E7000042800D20420491C218423E0EB88A3F528
:101E80003F46FF3E0BD002EBC20303EB0212B0FB56
:101E9000F2F080B240F48040020506D007E002EB89
:101EA0004202B0FBF2F080B2F6E740F0010040F4ED
:101EB00000404FF4967251434FF47A72B1FBF2F145
:101EC000491C2184A083208840F0010020802088C4
:101ED0004FF6F5310840A9886A89114301432180F2
:101EE000A8892989084320817FBD000040420F0056
:101EF000A0860100008AC0B27047002A02D041F0DB
:101F0000010101E001F0FE0101827047018270478A
:101F100070B504460D4629462046FFF761FE0128AC
:101F200001D0002070BD29462046FFF759FE012848
:101F3000F9D0012070BD00002DE9F0418AB0804643
:101F4000174F3988CC0A01F01F05C1F34516FEF77B
:101F500033FE4FF44030009002200190039602952A
:101F600004944FEA08400012000E0590786806902D
:101F7000002007904FF4887008904FF4F07009909B
:101F80006846FEF72FFEFEF789FE0220FEF720FED0
:101F90000028FAD0388800F03BFB0AB0BDE8F08199
:101FA000340000202DE9F04393B0C0EB0010850110
:101FB0000C46114601A8FFF71FFE0022164F0DF137
:101FC000040C7B6802EB42001CF80010090260441C
:101FD00046780E4336028178314300203E88B7F8B8
:101FE00002805FEA012904D503EB440929F8056062
:101FF00003E003EB440929F80580641C4900401CF8
:10200000C0B21828EDD304F5E474521CD2B2182AD9
:10201000D8D313B0BDE8F0833400002010B4203AC8
:10202000D3B2054AD2681468D2885A4304EB4202FC
:1020300010BC00F033B80000340000202DE9F0415E
:1020400080460D460024144E4FF4F07717E07E2AA8
:1020500009D821464046FFF7E1FFF0688088204418
:1020600084B26D1C0BE02988080200EB112082B2BB
:1020700021464046FFF796FF1834A4B2AD1CBC427F
:1020800008D22A78002A05D0F0688188081980B221
:102090008842DCD2BDE8F081340000202DE9F04315
:1020A0000024C0EB00108701DFF87890D9F804C055
:1020B000D9F80C6030E0002026E00C25B3FBF5F5E4
:1020C000ED004FF0800808FA05F832F8145048FA8D
:1020D00000F818EA050F01D10C2B08D94FF00108C0
:1020E00008FA00F815EA080F07D10C2B05D90CEBFC
:1020F0004105B9F80230EB5304E00CEB4105B9F8A7
:102100000030EB53491C401CB3888342D5D8B088BB
:10211000C0F5F0700144641CF088A042CBD8BDE843
:10212000F0830000340000202DE9FC5F012140F223
:10213000FF1001F01DFC4FF00408CDF800800220D4
:102140008DF805008DF8040000208DF806008DF84C
:1021500007006946AA48FFF7F5FC0E220221A848AD
:10216000FFF72EFD4FF00809CDF800906946A4480E
:10217000FFF7E8FC0E220321A148FFF721FD4FF4F1
:10218000807ACDF800A069469D48FFF7DBFC0E225F
:1021900008219B48FFF714FD0124009469469948E3
:1021A000FFF7D0FC092200219648FFF709FD4FF404
:1021B000006BCDF800B069469348FFF7C3FC0E22D0
:1021C0000B219148FFF7FCFC2003009069468E48E4
:1021D000FFF7B8FC0E220C218B48FFF7F1FC022020
:1021E000009069468748FFF7ADFC09220121854828
:1021F000FFF7E6FC4025009569468448FFF7A2FCFE
:102200000E2206218148FFF7DBFC20200090694662
:102210007F48FFF797FC0E2205217D48FFF7D0FC91
:10222000009569467A48FFF78DFC0E220621784812
:10223000FFF7C6FC6003009069467148FFF782FC17
:102240000E220D216E48FFF7BBFCA60200966946E0
:102250006E48FFF777FC09220A216C48FFF7B0FCB3
:10226000E003009069466648FFF76CFC0E220F21E0
:102270006348FFF7A5FC009469466648FFF762FCD7
:102280000E2200216348FFF79BFC802700976946D8
:102290006148FFF757FC0E2207215F48FFF790FCCB
:1022A000CDF8008069465B48FFF74CFC0E22022106
:1022B0005848FFF785FC4FF01008CDF800806946BC
:1022C0005348FFF73FFC0E2204215148FFF778FCEA
:1022D0002003009069464D48FFF734FC0E220C2184
:1022E0004A48FFF76DFC00954C4D69462846FFF7BC
:1022F00029FC0E2206212846FFF762FCCDF800B02B
:1023000069464248FFF71EFC0E220B213F48FFF7AB
:1023100057FCCDF8008069463E48FFF713FC0E22BB
:1023200004213C48FFF74CFCCDF800906946364844
:10233000FFF708FC0E2203213348FFF741FCCDF8DC
:1023400000A069462F48FFF7FDFB0E2208212D480B
:10235000FFF736FC4FF40079CDF800906946294824
:10236000FFF7F0FB0E2209212648FFF729FC009712
:1023700069462648FFF7E6FB0E2207212348FFF7B0
:102380001FFC009669462348FFF7DCFB0E220A215A
:102390002048FFF715FCCDF8009069461D48FFF76F
:1023A000D1FB0E2209211B48FFF70AFC00961C4EA8
:1023B00069463046FFF7C6FB0E220A213046FFF77A
:1023C000FFFBCDF8008002208DF805008DF8044059
:1023D00000208DF806008DF8074069462846FFF773
:1023E000B1FB009769462846FFF7ACFB1021284651
:1023F000FFF7FFFB80212846FFF7FBFBBDE8FC9FB2
:10240000001C02400004024000000240001802408C
:10241000001002400020024000080240000C024070
:10242000001402400148C0687047000034000020DA
:1024300000B58FB00121880601F0EEFA0121C80530
:1024400001F096FAFFF770FE01F048FD00200090C1
:102450000190029003900C900D900E9004220721A1
:102460004FF4C07001F064FB4FF4803001F050FB7A
:10247000012001F057FB3D2001F02EFB0028FAD08F
:102480002820049009200590302006900B2007900A
:102490004FF40470089040F21B1009904FF405703F
:1024A0000A9040F21F100B90684600F0EFF80FB052
:1024B00000BD000070B590B00446092000900831BE
:1024C000019103250295901C039002200490FF20A7
:1024D0000590002106910791089109914FF48060C1
:1024E0000A9005200B9040F2C3300D90C01E0E9054
:1024F0000F920C94114E6946304600F029F904956C
:1025000004F57F340C9468020A9007200B900B4866
:102510006946803000F01CF9012000F065F90121C6
:10252000304600F009F9012000F05EF9044800F09F
:1025300057F8012000F09AF810B070BD846801408F
:102540004400002030B591B0092001904FF4F470A0
:102550000290032403944FF48970049002200590A4
:10256000FF20069000200790089009900A904FF4F1
:1025700080600B9005200C9040F2C3300E90C01E7E
:102580000F904FF4887010904FF050400D90114D07
:1025900001A9284600F0DCF805940F490D9161026D
:1025A0000B9107210C910B4801A9803000F0D0F865
:1025B000012000F019F90121284600F0BDF80120A2
:1025C00000F012F9054800F00BF8012000F04EF879
:1025D00011B030BD8468014000FC03D044000020ED
:1025E0000149C860704700003400002006490028F7
:1025F00004D0064848600120886070474FF0504082
:1026000048600020886070473400002000FC03D040
:1026100001490880704700003400002010B50949C6
:102620008968002908D00146074800F083F8BDE812
:102630001040012000F0D8B801460348803800F06F
:1026400079F8F4E7340000200469014006490028C5
:1026500004D0086840F0010008607047086820F066
:102660000100086070470000186801400649002812
:1026700004D0086840F4803008607047086820F48F
:1026800080300860704700001868014030B5264A65
:10269000136826490B401360038A1B0414684569BC
:1026A0002C431C431460121D13680B401360038BF2
:1026B0001B041468C5692C431C431460121D136865
:1026C0000B401360038C1B041468456A2C431C43A5
:1026D0001460121D13680B401360018D0904136808
:1026E000C46A23430B431360111D0A68104B1A4040
:1026F0000A60D0E900231A43D0E9023423431A4385
:102700000B681A430A60416B0A02018E0B040649EA
:1027100024310C6804F07F440C600C68806B134318
:1027200004431C430C6030BD0868014000F800F011
:102730008F88FE0F41617047002904D0016841F085
:10274000010101607047016821F0010101607047DB
:1027500070B58A881204436803F4704343600B68C1
:10276000134343608A891204836803F470438360CF
:102770008B6813438360026922F0070202610A69D1
:102780000261CA6913020A8C120491F824402406DB
:102790008569002585618E6922431E431643866143
:1027A000426922F0FF0242614A694261C26940F215
:1027B00007739A43C261D1E90A231A43C261826A4C
:1027C00085620A6B82620A8F1204C36A03F0E023F7
:1027D000C3624B6B1343C362026B6FF30A02026363
:1027E000C96B016370BD00000149086070470000BB
:1027F0002468014010B586B004F0A2F904F088FA0C
:10280000264805906FF07F400490254803902649A4
:102810000024CDE900412348029003AB04AA05A996
:10282000224804F0B1FA214804F0E6FA2048006892
:1028300011280ED01D4804F0E5FA1EA001F05CFE40
:1028400022A001F059FE2749184804F025FB06B0E4
:1028500010BD16483130017841F010010170313857
:1028600004F053FB20A001F047FE7A2000900123E2
:10287000A822C02123A001F03FFEFF231A461946DB
:1028800025A0009401F038FE012003460090A82204
:10289000C02127A001F030FED5E70000C0A8017AD2
:1028A000C0A80101FD590008915A0008141A00201F
:1028B000741400200A20204E6574776F726B2043D9
:1028C00061626C6520697320200A000020202020AE
:1028D0006E6F7420636F6E6E656374656420202074
:1028E0000A000000091900080A2020537461746965
:1028F0006320495020616464726573732020200A4C
:102900000000000049503A2025642E25642E2564DD
:102910002E25640A000000004E45544D41534B3AA9
:102920002025642E25642E25642E25640A000000CF
:10293000476174657761793A2025642E25642E25D8
:10294000642E25640A00000031B5104C00982168FF
:10295000401AFA2803D30098206006F001FD009881
:102960006168411A41F28830814203D30098606067
:1029700002F0E2FF0098A168401AB0F57A7F04D314
:102980000020FEF735FB0098A06038BD64140020DD
:10299000014803F091B80000141A0020FEE77047C8
:1029A00030B50F23C27801250178002A1FD0154ABF
:1029B000126802F4E062C2F5E062C2F30722C2F1DB
:1029C0000404D3404278A24084781C40144322017E
:1029D00001F1E02181F80024007800F01F018D4012
:1029E0004009800000F1E020C0F8005130BD01F046
:1029F0001F0085404809800000F1E020C0F88051A8
:102A000030BD00000CED00E00249084302490860B7
:102A1000704700000000FA050CED00E010B500F072
:102A200061F9BDE8104000F037B970B5044643F2D3
:102A300012250321284600F025FF2007010E45F24C
:102A4000875000F01FFF45F28850002C03DB012166
:102A500000F018FF02E0092100F014FF13212846BE
:102A600000F010FF2846BDE87040A32100F00ABF27
:102A70002DE9F041054643F212270321384600F0C4
:102A800001FF1C2145F2813000F0FCFE5A2145F285
:102A9000823000F0F7FE062145F2833000F0F2FEAE
:102AA0000024ED1C05EB4500104945F2843501EB8F
:102AB00040066019315D00F0E5FE641CE4B2062CAE
:102AC000F7D3982145F28B3000F0DCFE012145F26E
:102AD0008A3000F0D7FE1321384600F0D3FE384686
:102AE000BDE8F041A32100F0CDBE0000D8AC000845
:102AF00070B5044643F212260321304600F0C2FEB0
:102B00000C4DE41C45F2865015F8141000F0BAFE86
:102B100005EB4400417845F2855000F0B3FE1321E7
:102B2000304600F0AFFE3046BDE87040A32100F013
:102B3000A9BE000002AD000870B5044643F212259C
:102B40000321284600F09EFEE41C174E04EB4404CB
:102B500043F60F2016F8141000F094FE06EB440420
:102B600043F61020617800F08DFEA17843F6112025
:102B700000F088FEE17843F61B2000F083FE217907
:102B800043F61E2000F07EFE617943F61F2000F020
:102B900079FE1321284600F075FE2846BDE87040F6
:102BA000A32100F06FBE000010AD00082DE9FF4129
:102BB0000024002000900190029003904FF44050B8
:102BC00000F01AFC8DF8000043F2040000F014FC41
:102BD0008DF801004FF47C5000F00EFC8DF80200DF
:102BE00043F2010000F008FC8DF8030043F20500F9
:102BF00000F002FC8DF8040043F21805284600F0AE
:102C0000FBFB8DF80500AE1D304600F0F5FB8DF89E
:102C10000600EF1C384600F0EFFB8DF8070043F28A
:102C20004208404600F0E8FB8DF80800284600F016
:102C3000E3FB8DF80900304600F0DEFB8DF80A005A
:102C4000384600F0D9FB8DF80B00404600F0D4FB6D
:102C50008DF80C006D4640F2DF162B5D22463146A2
:102C600003A001F049FC641C0D2CF6DBBDE8FF81DC
:102C70003C3C2D43414D4552412D44454255472D45
:102C80003E3E205B25645D636865636B5B25645D28
:102C90003D307825780A0A0070B543F223050121FA
:102CA000284600F0EFFD0421681E00F0EBFD41F224
:102CB00088342E46304600F09FFB0546641E601C9B
:102CC00005D00A20FEF73CF9002DF3D170BD2A464D
:102CD000BDE870404FF4AF71014801F00DBC000039
:102CE000E8AD00082DE9F04164244FF48A713AA060
:102CF00001F002FC4FF440572021384600F0C2FD9D
:102D000040F65D752A464FF48C7140A001F0F4FB4B
:102D10002946494800F03AFD002143F2220000F024
:102D2000B1FD002143F2230000F0ACFD002143F28D
:102D3000240000F0A7FD002143F2250000F0A2FDD1
:102D4000002143F2260000F09DFD002143F2270000
:102D500000F098FD002143F2280000F093FD43F2BB
:102D60002906FF21304600F08DFD0021384600F095
:102D700089FDFF21381D00F085FD0021084600F087
:102D800081FD0021084600F07DFD0021084600F08D
:102D900079FD0021084600F075FD40F22F173046FE
:102DA00000F02AFB05462A46394624A001F0A4FB80
:102DB0000A20FEF7C5F8641E601C05D0702DEED108
:102DC000BDE8F041FFF7F2BE2A464FF49A71284859
:102DD00001F092FBF4E700003C3C2D43414D45528D
:102DE000412D44454255472D3E3E205B25645D4FB5
:102DF00056353634305F464F4355535F414435387E
:102E000032305F496E69740A0A0000003C3C2D4371
:102E1000414D4552412D44454255472D3E3E205B94
:102E200025645D546F74616C20436F756E74203D32
:102E30002025640A0A000000D80400203C3C2D43F1
:102E4000414D4552412D44454255472D3E3E205B64
:102E500025645D7768656E20696E69742061662CF3
:102E60002073746174653D307825780A0A0000008B
:102E70002CAE000810B543F23502541C00280BD0CC
:102E8000012813D14121104600F0FCFC2046BDE88A
:102E90001040722100F0F6BC2121104600F0F2FC37
:102EA0002046BDE81040722100F0ECBC10BD0000CF
:102EB0002DE9F04F87B0012140F2CB1000F058FD12
:102EC000202705974FF002088DF8188003208DF811
:102ED000190000248DF81A4001258DF81B5005A912
:102EE0007A48FEF72FFE0D2205217848FEF768FE8E
:102EF00010200590DFF8D89105A94846FEF722FE7C
:102F00000D2204214846FEF75BFE4026059605A9E2
:102F10004846FEF717FE0D2206214846FEF750FEF2
:102F200068020590DFF8ACB105A95846FEF70AFE25
:102F30000D2209215846FEF743FE4FF48069CDF873
:102F4000149005A95846FEF7FDFD0D220A215846AA
:102F5000FEF736FEE802059005A95846FEF7F2FD99
:102F60000D220B215846FEF72BFE2803059005A9DC
:102F70005846FEF7E7FD0D220C215846FEF720FECD
:102F80004FF4804ACDF814A005A95846FEF7DAFDA3
:102F90000D220E215846FEF713FE4FF0080BCDF818
:102FA00014B005A94C48FEF7CDFD0D2203214A4877
:102FB000FEF706FE059605A94448FEF7C3FD0D225F
:102FC00006214248FEF7FCFD8020059005A93F48F8
:102FD000FEF7B8FD0D2207213C48FEF7F1FD8DF804
:102FE00018508DF819408DF81A408DF81B50CDF807
:102FF00014B0DFF8E8B005A95846FEF7A3FD059721
:10300000374F05A93846FEF79DFD20213846FEF7CB
:10301000EEFD08215846FEF7ECFD0A20FDF790FF73
:1030200008215846FEF7E3FD0A20FDF789FF20211D
:103030003846FEF7DEFD0121480500F0D1FC0121F4
:10304000022000F095FC042206213846FEF7B8FD68
:10305000042207213846FEF7B3FD05968DF8188047
:103060008DF819408DF81A508DF81B4005A9384687
:10307000FEF768FD042206213846FEF7A1FD8020F8
:10308000059005A93846FEF75DFD164D2846FEF76A
:1030900089FEADF808404BF6FF71ADF80A10FE202E
:1030A000ADF80C00ADF80E90ADF810A00E480190F0
:1030B00001A92846FEF7C0FE01212846FEF766FE5C
:1030C0003220FDF73DFF07B0BDE8F08F0020024041
:1030D00000000240001C0240000C024000180240A8
:1030E0000004024000540040801A060030B585B04C
:1030F0000121084600F058FC0121880500F038FC49
:103100000024ADF80440ADF806402020ADF80800DA
:103110008020ADF80A00ADF80C40ADF80E40ADF8D7
:10312000104001A8FDF710FD1849088A498A484354
:1031300000EBD07041101648FEF784FD4FF4C060DC
:10314000FFF762FC39208DF8000001258DF8015051
:103150008DF802508DF803506846FFF721FC0122DC
:1031600010210C48FDF736FE4E208DF800008DF83A
:1031700001408DF802508DF803506846FFF710FCAF
:1031800001210846FDF7D0FC05B030BD74000020D9
:10319000000010D02864024070B5044643F21225A6
:1031A0000321284600F06EFB184EC4EBC40443F222
:1031B0000640315D00F066FB34444FF450506178B6
:1031C00000F060FBA17843F2014000F05BFBE17886
:1031D00043F2024000F056FB217943F2034000F035
:1031E00051FB617943F2044000F04CFBA17943F2BA
:1031F000054000F047FB1321284600F043FB28461A
:10320000BDE87040A32100F03DBB00003AAD0008CE
:103210002DE9F0478146089F0C4615461E4645F2AB
:103220000108404600F0E8F8B9F1000F3CD040F04A
:103230002001404600F026FB210A43F6100000F072
:1032400021FBE1B243F6110000F01CFB290A43F612
:10325000120000F017FBE9B243F6130000F012FB76
:1032600043F212240321204600F00CFB310A43F6FE
:10327000080000F007FBF1B243F6090000F002FB82
:10328000390A43F60A0000F0FDFAF9B243F60B00E2
:1032900000F0F8FA1321204600F0F4FA2046BDE8C9
:1032A000F047A32100F0EEBA20F02001404600F0E4
:1032B000E9FAC1E72DE9F84300F046F90024384E59
:1032C000384F40F2623806EB840536F82400A978BE
:1032D00000F0D8FA36F8240000F08EF827F8140031
:1032E00000906B8836F8242041462FA001F004F9A5
:1032F000641CD02CE7D34FF4FA70FDF721FE284967
:103300003C394888B0F5A07F06D0B0F5207F06D0C4
:10331000B0F5487F06D007E00020487004E00220A6
:10332000487001E003204870487888B102281DD019
:10333000294D032828D0002405EB8400817835F836
:10334000240000F09FFA641C562CF5D3BDE8F883E6
:103350000024214D583D05EB8400817835F8240088
:1033600000F090FA641C162CF5D3EFE700241A4DF8
:103370002C3D05EB8400817835F8240000F082FABA
:10338000641C162CF5D3E1E7002405EB840081785A
:1033900035F8240000F076FA641C562CF5D3D5E7F6
:1033A000940000201C1500203C3C2D43414D45520B
:1033B000412D44454255472D3E3E205B25645D73BB
:1033C000656E736F725F7265675B307825785D3A02
:1033D00025782D25780A0A002C04002010B5044613
:1033E00043F20A0000F008F8207043F20B0000F0EE
:1033F00003F8607010BD00002DE9F047804642F2EE
:10340000107635464D4C01212046FEF7FDFC4C4F11
:1034100002E06D1E681C0ED039462046FEF7AAFC5D
:103420000028F6D0002278212046FEF766FD3546BA
:10343000DFF8109105E0FF20BDE8F0876D1E681CE5
:1034400011D049462046FEF795FC0028F6D02546C7
:103450004FEA18212846FEF759FD3446DFF8E4907C
:1034600009F1020904E0FF20E6E7641E601C13D0A6
:1034700049462846FEF77EFC0028F6D02F4C14342F
:10348000208840F48060208008F0FF01A846404674
:10349000FEF73CFD354604E0FF20CDE76D1E681CBD
:1034A0000FD049464046FEF765FC0028F6D020883C
:1034B00040F48060208001214046FEF7A5FC35469F
:1034C00004E0FF20B8E76D1E681C0FD03946404667
:1034D000FEF750FC0028F6D0012278214046FEF786
:1034E0000CFD34462546164E761C04E0FF20A3E76B
:1034F0006D1E681C0CD031464046FEF73BFC002890
:10350000F6D000214046FEF729FC0D4D3F3504E082
:10351000FF2091E7641E601C0ED029464046FEF74E
:1035200029FC0028F6D001214046FEF779FC4046F0
:10353000BDE8F047FEF7DEBCFF207DE70054004009
:103540000100030082000700802143F2080000F020
:1035500099B910B508287ED2DFE800F0041E385271
:103560006C88A2BC0021FF2000F08CF900217C2097
:1035700000F088F918217D2000F084F905217C20D5
:1035800000F080F940217D2000F07CF9A621BDE803
:1035900010407D2000F076B90021FF2000F072F984
:1035A00000217C2000F06EF918217D2000F06AF9DE
:1035B00005217C2000F066F9A0217D2000F062F951
:1035C0004021BDE810407D2000F05CB90021FF20C3
:1035D00000F058F900217C2000F054F918217D20DA
:1035E00000F050F905217C2000F04CF940217D20AD
:1035F00000F048F94021BDE810407D2000F042B9BC
:103600000021FF2000F03EF900217C2000F03AF973
:1036100018217D2000F036F905217C2000F032F9D8
:1036200040217D2000F02EF9C021BDE810407D2012
:1036300000F028B90021FF2000F024F900217C20AF
:1036400000F020F918217D2000F01CF905217C20D4
:1036500000F018F900E057E080217D2000F012F919
:103660008021BDE810407D2000F00CB90021FF2032
:1036700000F008F900217C2000F004F940217D20B1
:1036800000F000F905217C2000F0FCF880217D206D
:1036900000F0F8F88021BDE810407D2000F0F2B87D
:1036A0000021FF2000F0EEF800217C2000F0EAF875
:1036B00058217D2000F0E6F805217C2000F0E2F89A
:1036C00080217D2000F0DEF88021BDE810407D20C3
:1036D00000F0D8B80021FF2000F0D4F800217C20B1
:1036E00000F0D0F800217D2000F0CCF805217C20EE
:1036F00000F0C8F880217D2000F0C4F88021BDE8EA
:1037000010407D2000F0BEB810BD000038B51E4C42
:103710002078FFF7AFFB6420FDF712FC608A009071
:10372000238AE289A189A07AFFF772FD6420FDF760
:1037300007FC94F91B00FFF778F96420FDF700FC03
:1037400094F91A00FFF794F96420FDF7F9FB94F956
:103750001C00FFF7CDF96420FDF7F2FB94F91E0081
:10376000FFF7EAF96420FDF7EBFB607EFFF714FD3D
:103770006420FDF7E5FB607FFFF7EBFEBDE8384016
:103780006420FDF7DDBB0000740000202DE9F04748
:1037900006460D4642F2107A54464FF40047DFF8D1
:1037A000D88001214046FEF72FFBDFF8D09002E0E1
:1037B000641E601C0ED049464046FEF7DBFA002826
:1037C000F6D0002278214046FEF797FB5446DFF8FA
:1037D000B09005E0FF20BDE8F087641E601C10D0AB
:1037E00049464046FEF7C6FA0028F6D04446390A54
:1037F0002046FEF78BFBD046DFF8849009F10209E2
:1038000006E0FF20E7E7B8F1010801D2FF20E2E778
:1038100049462046FEF7AEFA0028F4D0F9B2204619
:10382000FEF774FB5746A04602E07F1E781C06D0C8
:1038300049464046FEF79EFA0028F6D011E0FF20E8
:10384000C9E731784046FEF761FB761C544602E03A
:10385000641E601C0ED049464046FEF78BFA0028D5
:10386000F6D06D1EADB2ECD201214046FEF7D8FA7B
:103870000020B0E7FF20AEE7005400400100030045
:10388000820007002DE9F04706460F4642F2107805
:103890004446334D01212846FEF7B6FADFF8C490BE
:1038A00002E0641E601C0ED049462846FEF762FA0C
:1038B0000028F6D0002278212846FEF71EFB444659
:1038C000DFF8A49005E0FF20BDE8F087641E601CCF
:1038D00010D049462846FEF74DFA0028F6D02C466F
:1038E000310A2046FEF712FB4546DFF87C9009F1CD
:1038F000020904E0FF20E7E76D1E681C0BD0494673
:103900002046FEF737FA0028F6D0F1B22046FEF73F
:10391000FDFA464604E0FF20D6E7761E701C0CD068
:1039200049462046FEF726FA0028F6D025463946B5
:103930002846FEF7EBFA444604E0FF20C4E7641E85
:10394000601C0BD049462846FEF714FA0028F6D032
:1039500001212846FEF764FA0020B5E7FF20B3E70F
:10396000005400400100030082000700704700007F
:10397000054A002903D0116801431160704711689E
:10398000814311607047000030380240054A002929
:1039900003D01168014311607047116881431160C1
:1039A0007047000010380240054A002903D0116812
:1039B0000143116070471168814311607047000036
:1039C00034380240054A002903D0116801431160D0
:1039D0007047116881431160704700003838024019
:1039E000054A002903D0116801431160704711682E
:1039F000814311607047000040380240054A0029A9
:103A000003D0116801431160704711688143116050
:103A10007047000020380240054A002903D0116891
:103A200001431160704711688143116070470000C5
:103A30004438024070B5244B196801F00C01234C46
:103A400000291ED0224E04291DD008291DD0046053
:103A5000196801F0F00109091E4A545C0168E1404F
:103A600041601C6804F4E054A40A145D21FA04F4D3
:103A700084601B6803F460435B0BD25CD140C1607F
:103A800070BD0460E4E70660E2E70F4A121F1168A8
:103A9000C1F38055116801F03F0135B1B6FBF1F17A
:103AA0001468C4F38814614305E0B4FBF1F11468B1
:103AB000C4F3881461431268C2F30142521C5200DD
:103AC000B1FBF2F10160C3E7083802400024F400C2
:103AD00040787D0114000020024600205109012990
:103AE0000BD002290DD00949096802F01F020123F9
:103AF00093400B4200D00120704704497439096893
:103B0000F3E70249091F0968EFE700007438024033
:103B1000034A116821F440310143116070470000ED
:103B20008C38024001490867704700000000474296
:103B3000800140EA0160024940EA02700860704773
:103B4000883802402DE9FC5F0121FC20FFF710FFBF
:103B500002208DF804008DF8050000208DF8060085
:103B60008DF80700012000906946D648FDF7EAFF6E
:103B70000C220021D348FEF723F80220009069466A
:103B8000D048FDF7DFFF0C220121CE48FEF718F8E0
:103B9000042600966946CB48FDF7D4FF0C2202218B
:103BA000C848FEF70DF8082000906946C548FDF7A3
:103BB000C9FF0C220321C348FEF702F81027009723
:103BC0006946C048FDF7BEFF0C220421BD48FDF741
:103BD000F7FF4FF02008CDF800806946B948FDF79F
:103BE000B1FF0C220521B748FDF7EAFF4FF48059D9
:103BF000CDF800906946B348FDF7A4FF0C221146AA
:103C0000B048FDF7DDFF4FF4005ACDF800A069463B
:103C1000AC48FDF797FF0C220D21AA48FDF7D0FF15
:103C2000350300956946A748FDF78CFF0C220E214D
:103C3000A448FDF7C5FF6C0000946946A148FDF754
:103C400081FF0C220F219F48FDF7BAFF0120009051
:103C500069469D48FDF776FF0C2200219A48FDF742
:103C6000AFFF0220009069469748FDF76BFF0C22DA
:103C700001219548FDF7A4FF009669469248FDF79B
:103C800061FF0C2202219048FDF79AFF00956946DA
:103C90008E48FDF757FF0C220E218C48FDF790FF50
:103CA000009469468948FDF74DFF0C220F21874893
:103CB000FDF786FF0120009069468448FDF742FF2A
:103CC0000C2200218148FDF77BFF0220009069460D
:103CD0007E48FDF737FF0C2201217C48FDF770FF7D
:103CE0008020009069467A48FDF72CFF0C220721BE
:103CF0007748FDF765FFE611009669467448FDF7C1
:103D000021FF0C2208217248FDF75AFFA0110090F4
:103D100069466F48FDF716FF0C2209216C48FDF734
:103D20004FFF4FF4806BCDF800B069466848FDF74F
:103D300009FF0C220A216648FDF742FF201100907E
:103D400069466348FDF7FEFE0C220B216048FDF733
:103D500037FFCDF8009069465D48FDF7F3FE0C2271
:103D600011465B48FDF72CFFCDF800A06946584886
:103D7000FDF7E8FE0C220D215548FDF721FF0095C7
:103D800069465348FDF7DEFE0C220E215048FDF730
:103D900017FF009469464E48FDF7D4FE0C220F2110
:103DA0004B48FDF70DFF009669464848FDF7CAFEEF
:103DB0000C2208214548FDF703FFA0110090694639
:103DC0004248FDF7BFFE0C2209214048FDF7F8FEEE
:103DD000CDF800B069463D48FDF7B4FE0C220A213B
:103DE0003A48FDF7EDFE402000903A4D69462846DE
:103DF000FDF7A8FE0C2206212846FDF7E1FE0097FC
:103E000069463148FDF79EFE0C2204212E48FDF73D
:103E1000D7FECDF8008069462B48FDF793FE0C22B3
:103E200005212948FDF7CCFE012000902A4F694664
:103E30003846FDF787FE0C2200213846FDF7C0FE0C
:103E40002111009169461F48FDF77CFE0C220B21D1
:103E50001C48FDF7B5FE009469461B48FDF772FE4D
:103E60000C220F211848FDF7ABFE00966946164854
:103E7000FDF768FE0C2208211348FDF7A1FE802003
:103E8000009069462846FDF75DFE0C220721284672
:103E9000FDF796FE0220009069460D48FDF752FEA0
:103EA0000C2201210A48FDF78BFE01200090694693
:103EB0000748FDF747FE0C2200210548FDF780FE6C
:103EC000BDE8FC9F0014024000180240000C0240B4
:103ED00000100240001C02400008024000B593B0F0
:103EE000FFF730FE01210846FFF76CFD022001902C
:103EF00007210291042203920491059006900790F5
:103F000001200890099008200A9010200B90402072
:103F10000C904FF4C0700D9000200E9051020F9144
:103F200010908800119001A8129008A8FDF77EFD5E
:103F300000F002F813B000BD2DE9FF410125009506
:103F40000826019602950024039420210120FDF704
:103F500041FD0028F9D16846FDF758FD0A2000F020
:103F600041F802200090019602950394202101203F
:103F7000FDF730FD0028F9D16846FDF747FD032025
:103F80000090019604270297039420210120FDF759
:103F900021FD0028F9D16846FDF738FD20210120D8
:103FA000FDF718FD0028F9D16846FDF72FFD40F216
:103FB0003120009701960295039020210120FDF702
:103FC00009FD0028F9D16846FDF720FD40F2AB203D
:103FD000FDF7B0FD20210120FDF7FCFC0028F9D100
:103FE000BDE8FF8101B581B00549019848430090C3
:103FF00002E00098401E009000980028F9D10CBD06
:10400000A0860100002904D0018841F04001018010
:104010007047018821F04001018070472DE9F0418F
:1040200004460F4615460F4840260680032000F040
:1040300089F8C7F3074000F085F8C7F3072000F0C0
:1040400081F8F8B200F07EF804E0FF2000F07AF882
:1040500004F8010B6D1EADB2F7D20248801E068037
:10406000BDE8F0811A1402402DE9F04387B0012128
:104070002020FFF77DFC01210805FFF7CDFCDFF8CC
:10408000BC90052207214846FDF79AFD052208212C
:104090004846FDF795FD052209214846FDF790FDAC
:1040A000802000904FF002088DF8048000248DF8E5
:1040B000064003208DF805008DF807406946484604
:1040C000FDF740FD4FF48070009069464846FDF7CB
:1040D00039FD4FF40075009569464846FDF732FDFD
:1040E0004027009701268DF8046069464846FDF791
:1040F00029FD124818300780ADF808404FF482704F
:10410000ADF80A00ADF80C40ADF80E80ADF81060C7
:10411000ADF812500820ADF81400ADF81640072095
:10412000ADF81800064C02A9204600F04EF8012117
:104130002046FFF767FF07B0BDE8F0830014024098
:10414000005001402DE9F0410746184C4FF48055CE
:104150002560174E09E02068411E216005D200202D
:1041600000F050F8C0B2BDE8F0810221304600F006
:1041700021F80028EFD03946304600F024F82560B9
:1041800008E021684A1E226004D2012000F03AF8BB
:10419000C0B2E8E70121304600F00CF80028F0D06A
:1041A000304600F00EF8C0B2DDE7000050000020FD
:1041B000005001400246002012890A4200D001202E
:1041C0007047808970478181704730B5028802F45A
:1041D00041530A884C88CD8822438C882C43224343
:1041E0000C8922434C8922438C892243CC89224367
:1041F0001A430280828B22F400628283098A018240
:1042000030BD000010B5014602A000F075F9002095
:1042100010BD00003C3C2D464C4153482D455252A8
:104220004F522D3E3E2053504920B5C8B4FDB3AC8B
:10423000CAB1216572726F72436F6465203D20259B
:10424000640A0000704700000149086070470000E0
:10425000DC0027421CB50021019100912E4A106814
:1042600040F4803010604FF4A043106800F4003038
:1042700000900198401C0190009810B90198984254
:10428000F3D11068800302D50120009000E0009176
:10429000009801283FD120484030016841F080510A
:1042A00001601E49086840F4404008601A48083020
:1042B00003680360036843F400430360036843F446
:1042C000A0530360041F164B2360136843F08073F0
:1042D000136013689B01FCD50A6842F480320A60BF
:1042E0004A68D203FCD50A6842F400320A604A6880
:1042F0009203FCD50B4A40F205711160016821F070
:1043000003010160016841F0020101600168C1F32D
:1043100081010229FAD11CBD003802400070004022
:10432000195A4007003C024010B500F063F80849F4
:104330000868401C08600020064A52F8201011B19D
:10434000491E42F82010401CC0B20328F5D310BD0E
:1043500030000020101500200D484FF47A710068DD
:10436000B0FBF1F0401EB0F1807F01D301200AE0E4
:104370004FF0E0214861074AF0201070002088616A
:10438000072008610020002800D0FEE770470000E9
:104390000000002023ED00E010B51248016841F450
:1043A000700101601048016841F0010101600E4A8E
:1043B00000210832116002680C4B1A400260031D94
:1043C0000B4A1A60026822F48022026006480C3010
:1043D0000160FFF73FFF03494FF00060803908603C
:1043E00010BD000088ED00E000380240FFFFF6FE3F
:1043F0001030002403480168002902D00168491EDA
:104400000160704754000020002904D0818941F4E4
:10441000005181817047818921F400518181704769
:104420000246002012880A4200D001207047000096
:104430007FB504460D46208A20F44051E8880843A1
:104440002082A08941F20C618843A9882A891143FE
:104450006A8902431143A181A08A20F44071A8898E
:104460000843A0826846FFF7E5FA1E48844202D05E
:104470001D48844201D1039800E00298A1890904F3
:1044800008D500EBC00101EB001029684900B0FB22
:10449000F1F007E000EBC00101EB00102968890092
:1044A000B0FBF1F06422B0FBF2F109010B096FF0EF
:1044B00018056B4300EB8300A3891D044FF0320302
:1044C00007D503EBC000B0FBF2F000F00700084393
:1044D00006E003EB0010B0FBF2F000F00F00084321
:1044E00020817FBD0010014000140140C1F308018C
:1044F00081807047FEE700000FB4054B10B503A99B
:10450000044A029800F0DAF810BC5DF814FB0000D1
:10451000E55A00080C15002002E008C8121F08C167
:10452000002AFAD170477047002001E001C1121F34
:10453000002AFBD1704700002DE9FF5F82B0002107
:10454000DDE90430020DDDF840B0034318D044F635
:104550001050A2F2FF3242431514119801281FD0C7
:10456000A5EB0B00401C5FEA000A4FF000064E4F1F
:10457000DFF83891B046504615D5CAF1000413E073
:10458000119801244AA3012801D16FEA0B01029876
:10459000119AC0E90031C0E9024206B0BDE8F09FBF
:1045A000CBF10000DFE704460021404A491842EB06
:1045B0000450CDE9001012E0E00707D032463B4638
:1045C00040464946FCF716F88046894632463B4647
:1045D00010461946FCF70EF806460F466410002CEC
:1045E000EAD1DDE90401DDE90023BAF1000F06DAC2
:1045F000FCF700F842464B46FBF7FCFF05E0FBF7F3
:1046000032FE42464B46FBF72EFE04460E46002283
:10461000284BFCF779F803D84FF0FF30014607E04C
:104620000022254B20463146FBF73DFFFCF754F8AE
:10463000102409E0002C0ADB0A220023FBF7A5FE68
:10464000039B30321A55641E50EA0102F2D1641CF9
:10465000039AC4F111031444119A012A03D00122D0
:1046600008430DD10AE0084304D000204FF0110B9D
:10467000119072E7A3EB0B056D1E0DE05B4504DDA9
:104680004FF0000205F1010504E003DA4FF00002EB
:10469000A5F10105002AECD002981199C0E9023178
:1046A000C0E9004579E70000000014400000F03F39
:1046B000300000000000F0430000E03F2DE9FF4F14
:1046C00095B09A46884606460025EEE1252877D122
:1046D00000242746F94A0121039400E0044316F818
:1046E000013F203B01FA03F01042F7D130782A282D
:1046F00011D06FF02F033078A0F13002092A16D8BC
:10470000039A44F0020402EB820203EB42021044DB
:10471000761C0390EFE758F8042B0392002A03DA83
:10472000504244F40054039044F00204761C307864
:104730002E2816D116F8010F44F004042A280DD0B3
:104740006FF02F023078A0F13003092B09D807EB66
:10475000870302EB4303C718761CF3E758F8047B82
:10476000761C30786C280FD006DC4C2817D06828CF
:104770000DD06A2814D104E0742810D07A280FD103
:104780000DE044F400140AE044F4801401E044F421
:1047900040147278824202D104F58014761C761C93
:1047A000307866280BD013DC582877D009DC002835
:1047B00075D04528F6D04628F4D047281AD193E181
:1047C00018E0632835D0642879D0652812D18BE1B0
:1047D000702873D008DC6728F1D069286FD06E2864
:1047E0000DD06F2806D1ACE073282CD0752874D07A
:1047F000782853D05246179990476D1C54E1C4F362
:104800000250022809D003280DD0D8F8001004283F
:104810000DD00D6008F1040846E1D8F80010EA1741
:10482000C1E90052F6E7D8F800100D80F2E70D70EC
:10483000F0E718F8041B8DF8001000208DF8010037
:10484000EB46012003E058F804BB4FF0FF3061074E
:104850004FF0000102D40DE009F101018946B9428F
:104860000FDA8145F8DB1BF809100029F4D108E0C4
:1048700009F1010189468142FADB1BF80910002980
:10488000F6D103985346A0EB090721463846179AFC
:1048900000F080FA284400EB090507E044E008E155
:1048A0000DE01BF8010B524617999047B9F1010929
:1048B000F7D2534621463846179AF2E039E00A21EA
:1048C000C4F302524FF0000B0091022A06D058F8B0
:1048D000040BC117032A09D00AE023E008F10700FE
:1048E00020F00702F2E80201904605E000B2C1178D
:1048F000042A01D140B2C117002906DA0A46002174
:10490000404261EB02012D2202E0220504D52B2258
:104910008DF80420012203E0E20701D02022F7E70E
:10492000914657E00A2100E010214FF0000B009162
:104930000BE010214FF0000B44F004040827009115
:1049400003E008204FF0000B0090C4F30252022A4B
:1049500005D058F8040B0021032A08D008E008F11C
:10496000070020F00702F2E80201904603E080B25F
:10497000042A00D1C0B24FF0000922072AD53278AC
:10498000702A07D0DDF800C08CF0100C5CEA0B0C2C
:1049900005D00EE040228DF80420012208E050EA04
:1049A000010306D030238DF804308DF80520022253
:1049B0009146009B83F0080353EA0B030AD150EAA7
:1049C000010201D1620705D530228DF804204FF095
:1049D00001097F1E3278582A04D039A20C920CAA01
:1049E00002920BE03BA2F9E75B46009AFBF7CDFC95
:1049F0000C9B9B5C029A521E0292137050EA0102B9
:104A0000F2D1029804A9081A00F1200B600702D520
:104A100024F4803400E001275F4502DDA7EB0B00A2
:104A200000E0002000EB0B01009003984944401A7D
:104A30000390E00306D453462146179A039800F0EA
:104A4000A9F90544002706E001A85246C05D179960
:104A500090476D1C7F1C4F45F6DBE0030CD5534699
:104A60002146179A039800F095F9054404E0302098
:104A70005246179990476D1C0099481E00900029D6
:104A8000F5DC08E00298029952460078491C029130
:104A9000179990476D1CBBF10001ABF1010BF1DCE4
:104AA0005BE100F065F90544761C307800287FF45E
:104AB0000DAE19B02846BDE8F08F000009280100AE
:104AC0003031323334353637383961626364656684
:104AD0000000000030313233343536373839414246
:104AE0004344454600000000600700D4062708F153
:104AF000070020F00700F0E80223804603F0004C96
:104B00005FEA0C0001D097A009E0200501D596A02E
:104B100005E0E00701D095A001E0AFF24C00139052
:104B2000307823F0004365280CD006DC452809D0F6
:104B300046281DD047287FD13BE0662818D067283B
:104B40007AD136E00021112F01DB112000E0781C22
:104B5000CDE9000104A90CA8FFF7EEFCDDE90D0189
:104B60000C9A4FF0000B07F10109109200914EE0F2
:104B70004FF000400097CDE9011004A90CA8FFF701
:104B8000DBFCDDE90D020C9B0F994FF0000B914609
:104B90001093009211B9791C00EB0109B7EB0900E1
:104BA00003D4C0F1FF3B07F10109A9EB0700019015
:104BB00042E0012F00DA01270021112F01DD112031
:104BC00000E03846CDE9000104A90CA8FFF7B4FCC9
:104BD000DDE90D010C9A00914FF0000BB9461092DF
:104BE00021070FD4009A4A4503DA914601E0A9F162
:104BF0000109B9F1010F05DD109AA9F10101515C1C
:104C00003029F4D0B84202DA10F1040F03DA01219E
:104C1000CDE9011010E0002803DC8344A9EB00017A
:104C200002E0411C494500DD8946A0EB0B00401C19
:104C300001904FF000400290200705D401984845AC
:104C400002DB4FF0FF30019000208DF84B000298FE
:104C50000DF14B07B0F1004F25D002200C902B2016
:104C60000D90029800280CDA404202902D200D9001
:104C700007E00A210298FBF772FB3031029007F837
:104C8000011D0C99481E0C900029F2DC02980028A6
:104C9000EFD1791E0D980870307800F0200040F0B8
:104CA000450007F8020D11A8C01BC01D0290139803
:104CB000007800B1012000EB0901019801EBE071DF
:104CC000029801440398401A401E0390E00306D462
:104CD00053462146179A039800F05CF80544139850
:104CE000007818B15246179990476D1CE00323D500
:104CF00053462146179A039800F04CF805441BE0F0
:104D0000BBF1000F07DB0098584504DD1098179998
:104D100010F80B0001E01799302052469047019897
:104D20000BF1010B401E05F10105019004D12E206D
:104D30005246179990476D1CB9F10001A9F101097C
:104D4000DEDC05E017F8010B5246179990476D1C01
:104D50000299481E02900029F4DC53462146179A16
:104D600003989EE62D0000002B00000020000000AC
:104D70002DE9F041044600251E461746880404D458
:104D800005E039462020B0476D1C641EF9D5284641
:104D9000BDE8F0812DE9F041044600251E4690460D
:104DA000C80301D5302700E02027880404D505E09A
:104DB00041463846B0476D1C641EF9D52846BDE80B
:104DC000F081000070B504460E4615460C490D48AA
:104DD00004F092FE21460B4C201D04F089FE0021B8
:104DE000A01D04F085FE314604F1080004F084FEA5
:104DF000294604F10C00BDE8704004F07DBE0000BF
:104E00005AA55AA50418002010B54FF4F0710748B0
:104E100004F06EFE054C4FF48871A01C04F068FE8F
:104E2000012020710020607110BD00005C14002082
:104E300038B515480090154C6069002803D002F081
:104E400039FC0020606103F037F9606100281AD056
:104E5000002102F085FC02220D49606903F06EFB1F
:104E60000C49606903F0CBFF0B49606904F002F95B
:104E70000A49606902F078FE094B41F27072694696
:104E8000606902F02BFD38BDC0A8016A381400200B
:104E9000696F0008756F0008ED6F0008556F000816
:104EA0002D6F000802480079002800D001207047CB
:104EB000381400200148C0787047000038140020E2
:104EC00010B5164CE078002827D06069002824D05F
:104ED000217939B9217829B1E16819B12169B1F590
:104EE0007F3F03D0BDE8104004F030BC00202070AC
:104EF000A0682062FFF788FF22690120921D216AC5
:104F0000FFF760FF012020710548A0611020E061DB
:104F10006069BDE8104004F019BC10BD38140020D1
:104F20000418002004488178002904D10178002960
:104F300001D10121817070473814002010B504465A
:104F4000002C1DD00021204602F00AFC0021204642
:104F500004F090F80021204603F051FF0022114692
:104F6000204603F0EBFA0021204602F0FDFD20462A
:104F700002F0F8FB034900204861C8700871C8803E
:104F800010BD00003814002000280BD0426A002A0F
:104F900008D0137B082B05D10968526A914201D1D0
:104FA00000F092B8704700002DE9F04105460C462C
:104FB0001646002D0CD07CB100224FF49A71104699
:104FC00002F01AF8206150B1627B3D4952B10CE009
:104FD0006FF00D00BDE8F0816FF00500FAE74FF0CB
:104FE000FF30F7E70A68521C0A60096821604068D0
:104FF00060610121017060694170616995F82A0062
:10500000887060690027C770206801F0A3FB6169A0
:10501000486060690781606947816069C760082EE0
:1050200008D0042E06D0032E07D1207B052801D0FE
:10503000042802D161696868C860606907616069B5
:10504000476160698761002095F82A10814203D981
:10505000291891F82B1000E00021636900F11C026F
:105060009954401C80B21028EED30020626900F1F0
:105070002C015754401C80B24028F7D300206269AD
:1050800000F16C015754401C80B28028F7D361694D
:105090000C48C1F8EC0027830020626900F1F001A0
:1050A0005054401C80B24428F7D3012235212046B9
:1050B00000F0D5F83146204600F0DFF8002089E7FF
:1050C000A014002063825363F8B505466C6A0C2176
:1050D000204600F06DF9042221462846FFF764FFC0
:1050E000064630001ED104223221204600F0B7F8D7
:1050F000606A01F040FB0146204600F0C5F82046FA
:1051000000F0EEF8208BF03081B2206902F048F90F
:1051100000954323094A2169606804F08BFC20460E
:1051200000F00EF8607B401C607342F603104FF4F1
:10513000FA71B0FBF1F060833046F8BD60AD000855
:1051400010B50446002C06D0206908B102F0C5F85D
:1051500000202061606110BDF8B505466C6A002032
:1051600060620621204600F023F9012221462846EC
:10517000FFF71AFF0646300030D1022239212046BF
:1051800000F06DF8298D204600F09BF804223721AD
:10519000204600F064F80121204600F06EF803215B
:1051A000204600F06AF81C21204600F066F806212F
:1051B000204600F062F8204600F092F8208BF03094
:1051C00081B2206902F0ECF800954323114A21696D
:1051D000606804F02FFC2046FFF7B2FF607B401CA4
:1051E000C1B26173062902D20120884000E03C2050
:1051F00000EB4001C1EBC0104FF6FF7101EAC000A7
:1052000000F2F3104FF4FA71B0FBF1F06083304616
:10521000F8BD000060AD000870B505466C6A002C52
:105220001CD0217B002604290FD004DC002915D0D6
:10523000032904D109E0052907D00A2905D066739E
:105240002846BDE87040FFF787BF284601F0DAFD29
:1052500066732846BDE8704000F05AB870BD10B5BE
:10526000038B5C1C04834469F033E154018B4B1CB9
:1052700003834069F031425410BD028B531C0383F9
:105280004069F0328154704710B5028B0C0E531CEC
:1052900003834369F0329C54028B0C0C531C038330
:1052A0004369F0329C54028B0C0A531C03834369FC
:1052B000F0329C54028B531C03834069F0328154BA
:1052C00010BD10B5028B0C0A531C03834369F032E6
:1052D0009C54028B531C03834069F032815410BDEF
:1052E000002814D0018BFF234A1C02834269F0314D
:1052F0005354002304E04A1C02834269F0315354A2
:10530000018B442901D38A0701D04429F3D3704784
:10531000F8B50646746A0321204600F049F80322D6
:1053200021463046FFF740FE0546280028D10222DC
:1053300039212046FFF793FF4FF410712046FFF705
:10534000C0FF042232212046FFF789FF606A01F086
:1053500012FA01462046FFF797FF2046FFF7C0FFED
:10536000208BF03081B2206902F01AF800964323B6
:105370000E4A2169606804F05DFB2046FFF7E0FEFD
:10538000607B401CC0B260730A2803D24FF47A716C
:10539000484301E042F2107080B200F2F3104FF483
:1053A000FA71B0FBF1F060832846F8BD60AD0008EB
:1053B000027B8A4203D0017300214173418370470D
:1053C0002DE9FC47054689461746002D05D078890A
:1053D0002A2804D2384601F080FFBDE8FC877E68A9
:1053E00006F10E044FF4807A2088504508D12079C8
:1053F000062805D16079042802D16088082803D0E6
:10540000384601F06AFFE8E7D4F80E000190A06981
:105410000090291D06D0696821B1884205D14FF05E
:10542000010804E04FF0000801E04FF00008B8F177
:10543000000F01D0012300E0022304F1080201A9BA
:10544000284600F09BFAE088504503D0B0F5007F75
:105450002CD127E0B8F1000F28D0022001F086F906
:10546000E080D4F80E00A0616868C4F80E00A0685F
:10547000C4F81200A089E082A0683060A089B080E2
:10548000D9F80000A060B9F80400A081D9F80000A4
:10549000C6F80600B9F804007081AA6939462846A2
:1054A000904703E001A92846FFF76EFD384601F05A
:1054B00014FF92E770B505460024094E04EB840002
:1054C00006EB8000817C29B18068A84202D1204689
:1054D00000F084F8641CE4B20A2CEFD370BD000025
:1054E000B09500202DE9F35F05464FF00A09CA4642
:1054F0000A230020002784469B468046364900EB5D
:10550000800401EB8402917C0A2B00D149B1A1B146
:105510004DB12E68D2F804E0764504D140B2BDE822
:10552000FC9F43B209E0012913D0022905D3D17CA5
:10553000614502D34FFA80FA8C46401CC0B20A285B
:10554000DCD301984FF0FF3180071BD40A2B12D017
:1055500014E0214951F8241031B1D47C4445ECD3F6
:105560004FFA80FBA046E8E7D67CBE42E5D34FFA6F
:1055700080F93746E1E70198C00703D00A2B03DA28
:10558000DCB215E00846CAE7BAF10A0F02DA0AF0FF
:10559000FF040AE0B9F10A0F02DA09F0FF0404E09F
:1055A000BBF10A0F15DA0BF0FF04204600F016F8E5
:1055B00035B1094804EB840200EB820029684160A0
:1055C000054804EB840200EB82000021C17460B244
:1055D000A5E70846A3E70000B095002070B5084D88
:1055E00000EB8004002655F82400002803D001F0C9
:1055F00074FE45F8246005EB8400867470BD0000DD
:10560000B09500202DE9FC4104460E4615460E21BA
:10561000304601F091FE18B16FF00100BDE8FC8149
:105620002146286800F065FB08B1354B40E028684A
:10563000C0F303110E2926D0A168636800EA0102B5
:105640000B409A420BD080B2A0F57E41A93906D01A
:1056500014F10C0F34D0E06888B304F10C05294B29
:10566000294A187800EB800102EB81018F7C022F20
:1056700029D32F6849688F4225D1024631462046FA
:1056800000F044F8CAE701208DF8000000208DF8F2
:1056900001005E208DF80200687800F07F008DF830
:1056A0000300A8788DF80400E8788DF805006B46B3
:1056B00004F12B023146204600F02EF9AEE7FFE759
:1056C0006FF00300AAE7002000EB800102EB8101EC
:1056D0008F7C022F0AD32F6849688F4206D1C2B24D
:1056E0001A703146204600F011F897E7401C40B28E
:1056F0000A28E9DB32462946204600F029F88DE7E2
:10570000DCAD000808150020B095002070B50546F6
:105710000E460E4802EB820100EB8104A07C0228B9
:1057200009D1E07CE42806D3211D284600F0E2F8E8
:1057300008B90320A07404F10C0305F12B023146D3
:105740002846BDE8704000F0E7B80000B0950020A2
:105750002DE9F74F82B08B46174602982B30019007
:105760004FF0FF394C46DBF80000029900F0C1FA17
:1057700098B9DBF80000C0F303110E290DD0BBF17E
:10578000000F0AD048B101215846FFF7ABFE06468C
:10579000300005D505B0BDE8F08F6FF00D00F9E7DA
:1057A000DFF8A4A006EB86080AEB8805A87C08B9F8
:1057B0000120A874A87C012800D02FB9594602986E
:1057C00000F098F804466FB1A87C02280CD31F485B
:1057D0000670DDE9012005F10C03394600F09CF864
:1057E00004462FE02046D5E701282BD100213C4676
:1057F00005E0207B012801D0012102E02468002C73
:10580000F7D181B121890022032001F0F5FB054683
:105810006DB13946284601F0DAFC40B1284601F066
:105820005CFD002503E03D46284601F0E0FD45B162
:105830005AF8280008B101F050FD4AF82850002419
:1058400000E04C462046A5E7B09500200815002052
:105850002DE9F05F0746DDF82CB0884691469A4660
:1058600000222A21032001F0C7FB064630003ED06B
:10587000756805F10E040D9800F078FFE080DAF805
:105880000000A060BAF80400A081DBF80000C4F8B2
:105890001200BBF80400E082D9F800002860B9F8D3
:1058A0000400A880D8F80000C5F80600B8F8040085
:1058B00068810A980068C4F80E000C980068A0611E
:1058C0004FF4807020800820608006202071042022
:1058D00060714FF4C160A881BA693146384690477B
:1058E0000446304601F0F9FC2046BDE8F09F4FF039
:1058F000FF30FAE71FB50123064C021DCDE9021364
:10590000CDE9002400F12B031946A21FFFF7A0FFE9
:1059100004B010BDE2AD000830B44C681D682560CD
:105920009B88A3801368C4F806309288628108229D
:10593000A281826930BC104770B500240E4D04EB83
:10594000840005EB8000827C8AB1C17C491CC9B20D
:10595000C174F02903D2012A05D1022903D32046BC
:10596000FFF73CFE03E0032A01D102218174641C8D
:10597000E4B20A2CE3D370BDB09500202DE9F041CC
:1059800006460C4615461F46002C31D0206870B3E1
:10599000314600F0AEF950BB2078C0F303100E285A
:1059A00026D039462046FFF79DFD00281DDB124A10
:1059B00000EB800102EB81000223837486602B6878
:1059C000C360AB8803820023C37452F821405CB1EA
:1059D00042F821302B4606F12B0221463046FFF7D4
:1059E0009BFF204601F079FC0020BDE8F081FFE735
:1059F0006FF00D00F9E70000B095002070B5044687
:105A00000D4660890E283BD9606886890178CA07EF
:105A100015D0012905D006221C49FAF717FC50B110
:105A20000DE0417859B980785E2808D1607B40F05C
:105A30001000607303E0607B40F008006073082E84
:105A400003D0B6F5C16F1BD10EE095F8310080068A
:105A500016D56FF00D01204601F06EFC80B9294685
:105A6000204600F035FA09E095F83100800607D5A8
:105A7000224605F12B012846FFF7A2FC002070BD4D
:105A8000204601F02AFC002070BD0000DCAD0008BB
:105A900010B5732180F83210742180F83310044956
:105AA00041610449816100F061FD002010BD0000EA
:105AB00005560008A166000870B50546284600F0A6
:105AC0008FFD044654B12A69294620469047054671
:105AD00015B1204601F001FC284670BD4FF0FF30A3
:105AE00070BD000070B50446064DE1B22846FEF7D1
:105AF000FDFC80212846FEF793FC0028F9D02046C3
:105B000070BD0000001001400A46032100F090B86B
:105B10002DE9FE4F04468846656828780007870E01
:105B200079428A46204601F007FC002876D1208978
:105B3000042873D36068007800286AD0082868D1E8
:105B40000126DFF8E490D9F80000C0F303110E2914
:105B500000D10026414600F0CCF800B100265EB12D
:105B6000208908285AD3204600F09FF848B12046E3
:105B7000BDE8FE4F01F0B1BB2046BDE8FE4F01F08D
:105B8000ACBB2221204601F0D7FBD8B139462046D4
:105B900001F0D2FBE0B921890022022001F02CFAA9
:105BA0000646AEB12146304601F011FB80B975685A
:105BB0005146304601F0C0FB50B9204601F08DFB44
:105BC00034460AE06FF02101204601F0B5FB20B118
:105BD0002046BDE8FE4F01F080BB6068D9F8001098
:105BE000E960124909682961002606704680FF2095
:105BF00028726E813946204601F09EFB48B901208B
:105C0000CDE90108FF23002207490096204600F055
:105C100047FA2046BDE8FE4F01F05FBB2046BDE8D5
:105C2000FE4F01F05ABB0000941400209014002095
:105C30002DE9FE4307460E4691460022242101200D
:105C400001F0DAF90546280023D0D7F804806C6803
:105C5000267084F801900026A680E680686879683E
:105C600008301C22FAF7C0FA66806989204600F0E5
:105C700016F86080D8F80C0002900120CDE9006091
:105C8000FF2302AA0021284600F0F0F9284601F07F
:105C900024FBBDE8FE830A460B21FFF7C9BF10B500
:105CA00000F06DFDC04380B210BD70B50546002404
:105CB000002613E06989686800F061FD204481B224
:105CC00001EB1044A87AC00707D0C6F10100C6B2A4
:105CD000E0B2C4F3072141EA00242D68002DE9D188
:105CE00026B1E0B2C4F3072141EA0024E04380B2C8
:105CF00070BD08B50090421C07D0020005D091F895
:105D00003120920703D4002008BD012008BD4A6855
:105D1000824201D1002008BD896800EA01030A40DF
:105D2000934202D10143491C01D0002008BD01204B
:105D300008BD00002DE9F74F8AB004460B98078D87
:105D400014250026606808900898C08800F015FDAA
:105D5000C0F30C01059100F4005004902089143820
:105D60001FFA80F8143FF81707EB5070C0F3CF000C
:105D7000099707908BE00998804501DC012000E03D
:105D800000200599049AC1F30C01114303910028E6
:105D900003D1039840F40050039001D0404602E044
:105DA00007984FEAC00080B206904FF000024FF013
:105DB00014014FF0020001F01FF983465FEA0B0067
:105DC0000FD01422DBF804000899FAF70DFADBF87B
:105DD00004906068284460606089401B6081069D73
:105DE00029E04FF0FF300DB0BDE8F08F6689AE427C
:105DF00000D92E46F6B300F063F8074638004ED0BF
:105E00006068CDE900063B4602223146032001F0DE
:105E10008AF98246BAF1000F47D0204601F0E7FA2E
:105E20007C61264838615146584601F0A9F9A81B03
:105E300085B205B12468002DD8D13546039800F00D
:105E400095FCA9F806000698143080B200F08EFC8C
:105E5000A9F802000020A9F80A0014214846FFF71B
:105E60001EFFA9F80A000B9859460C9A43699847F7
:105E7000584600E011E001F030FA0698A8EB000067
:105E80001FFA80F807990598084480B20590B8F188
:105E9000000F7FF470AF0020A5E72468CBE75846D9
:105EA00001F01BFA4FF0FF309DE7384600F00BF889
:105EB000584601F012FA4FF0FF3094E7556500089C
:105EC000062000F051BF0146062000F015BF00007B
:105ED0002DE9F05F06460F464FF0010A7568042170
:105EE0002878B1EB101F05D0304601F0F6F90020FC
:105EF000BDE8F09F00F00F004FF6FF7101EA800B44
:105F0000688800F03AFC01467089584502D3308910
:105F1000884204D2304601F0E0F90020E8E730463C
:105F200001F03EFADFF83C912869C9F80000A9F1B8
:105F30000400E96801604FF001083C4694F8310024
:105F4000C0070BD0201D09D0616839B1D9F8000015
:105F5000884211D02146FFF7CCFE68B9B8F1000F96
:105F600004D04FF000084048046800E02468BC42B8
:105F700000D12468002CE1D15CB9687A112808D1DD
:105F800005EB0B004088B0F5884F02D13C464FF03E
:105F9000000ABAF1000F10D0DFF8C880A8F1040899
:105FA000D8F8000048B13946FFF7A3FED0B998F8F9
:105FB0000000C0F303100E2814D0C4B1E88830F0FC
:105FC000C00005D0304600F0C3F80646A6B175689B
:105FD000244C103C6760A5603946304601F038FA21
:105FE00060B136E0304601F078F9002080E73046B5
:105FF00001F073F900207BE7002079E7687A012837
:1060000014D006280DD0112806D03946D9F8000042
:10601000FFF76FFE78B119E03946304603F01CFCFB
:1060200017E03946304601F0CFFD12E039463046E0
:10603000FFF76EFD0DE099F80000C0F303100E2885
:1060400004D0756002213046FFF75EFD304601F056
:1060500044F900206060A0600249091F0860C9F887
:10606000000045E794140020B41400202DE9FE43FD
:106070000746DDE90A45884616469946304600F04F
:1060800049FA50B102904B4632464146CDE90045AF
:10609000384600F005F8BDE8FE836FF00300FAE72C
:1060A0002DE9F84F0546DDE90AAB0C9E89461746F7
:1060B0009846002F34D01421284601F03DF918B13C
:1060C0006FF00100BDE8F88F6C6884F8088084F8F0
:1060D00009B0386820614520207084F801A0288923
:1060E00000F044FB60804FF0000AA4F806A0DFF83F
:1060F0005C80B8F8000000F039FBA080B8F8000020
:10610000401CA8F80000B9F1000F06D0D9F8000033
:1061100018B1E060A4F80AA006E07068E060F9E752
:106120006868006900906F46308D40B129898142CE
:1061300005D93A4631462846FFF7FCFDC2E77369A8
:106140003A46294630469847BCE7000084140020B0
:106150002DE9F05F83460027DBF80450287800F033
:106160000F0005287DD1E88800F007FBC0044FEA46
:106170001049688800F001FB297801F00F014942BD
:1061800000EB81001FFA80FA584601F017F8064626
:10619000DFF82881B8F8000030440A280AD93146CF
:1061A000284600F07DF900285BD0B8F800003044A4
:1061B0000A287DD8D8F804400DE06069E968884273
:1061C00007D1A0692969884203D1A089A98888429A
:1061D00003D027462468002CEFD12CB1E88800F0CA
:1061E000CCFAC00408D012E03146284600F0F4F89A
:1061F000044620005CD00AE0E08900F0BEFAC0044A
:1062000005D01422294604F10800F9F7EDFFB8F88B
:1062100000003044A8F80000A879800606D4A07FCA
:1062200040F00100A07709EB0A00A0835946204600
:1062300000F046F8C8B3A08B1430A08360684668AD
:106240003568142204F108013046F9F7CDFFA08B20
:1062500000F08CFA70800020F080708114213046AC
:1062600000E025E0FFF71BFD7081D4F804906FF08B
:10627000130A09E06E685146284601F05DF8294688
:10628000484600F07DFF3568002DF3D139462046A1
:1062900000F090F8484600F091FFB8F80010081A96
:1062A000A8F800004846BDE8F09FFFE70020FAE7A5
:1062B000584601F012F80020F5E70000981400207D
:1062C0002DE9F04707460E4600240125D6F8048044
:1062D000B8F8020000F051FA98F8001001F00F0130
:1062E000494200EB8109B8F8060000F046FAC00404
:1062F000010C736800201860998001EB09001FFAF7
:1063000080F8A3F806807A681CE05068B0F804C0F2
:1063100061450CD21A6044B1B4F806C0614539D366
:106320008088804536D826600EE07E600CE031D053
:10633000C28891422ED31CB1E288624500D000256C
:1063400002680446002AE0D142B934B12660E088F0
:106350009988884202D0002500E07E60B87FC0079F
:1063600016D095B178684068808808B100250CE0A7
:10637000196808E04868D9888288914201D00025D0
:1063800003E0034601680029F4D12846BDE8F08700
:106390000020FBE7304600F011FF01460448028868
:1063A000511A0180304600F098FF0020EEE700000F
:1063B0009814002030B40B46064902684C688442A9
:1063C00001D14A6000E01A60014630BC052000F0AF
:1063D00093BC00009814002070B506460D460520B9
:1063E00000F0C2FC044654B92946304600F058F883
:1063F000A84203DB052000F0B7FC04468CB1202145
:106400002046F9F718FF0320E0770748416821602C
:1064100044601422314604F10800F9F7E5FE2046F5
:1064200070BD002070BD0000981400202DE9F041DF
:10643000064688460025746860688188002912D164
:1064400000687060142206F108016068F9F7CCFE5C
:1064500001212046FFF71FFC204600F0AFFE054655
:10646000204600F03AFF74680AE060682746046836
:10647000384600F0A3FE284485B2384600F02DFFD0
:10648000002CF2D141463046FFF794FF03490888BB
:10649000401B08802846BDE8F081000098140020C9
:1064A0002DE9F04105460F460026DFF86480002004
:1064B00000230024D8F804101AE04A69D5F80CC06B
:1064C000624509D18A69D5F810C0624504D18A892C
:1064D000B5F804C0624507D0641CB8B1CA7F90F813
:1064E0001FC0624500D808460A6802B10B46114633
:1064F0000029E2D118B11946FFF798FF0644BE42C1
:1065000001DA012CD3DC3046BDE8F0810846EBE728
:106510009814002010B502460C4800680BE090F873
:106520003110C90706D08168146843680C400B40DD
:106530009C420AD000680028F1D10548006818B1D3
:1065400090F83110C90700D1002010BDB41400200C
:10655000B814002010B504466069002801D000F08E
:10656000BCFE2046BDE81040FFF7ADBC70B5044648
:10657000062004F82A0F022060700020A070E0704E
:1065800020716071A0712A3C04F12B01FBF702F825
:1065900040F2DC502085222084F8310004220C498E
:1065A0000C48FAF793FD04220B490C48FAF750FD0A
:1065B0000024084D4FF4400605EB44103146FAF72D
:1065C000A9FD641C042CF7DBBDE87040FBF700B9A3
:1065D000D8330020881B0020081C0020081B002046
:1065E0002DE9F04F87B000246846FAF765FE9DE874
:1065F000070003AB07C30398DDF8109081B20322B4
:10660000104600F0F9FC0690069850B3DDF81480AF
:10661000069D24E06F89002640F2F45B12E0686872
:10662000A4F2F45209EB040130445242F9F7DCFDC4
:10663000D8F80C80D8F80890AAF2F457361B06F266
:10664000F456002407EB040ADA45E8D8686809EB39
:10665000040130443A46F9F7C7FD3C442D68002D4B
:10666000D8D1059900200C4A4FF0004302E00B609E
:10667000C968401C1468A4688442F8D810680021D6
:10668000816006484269120602D58022426181601B
:10669000069807B0BDE8F08F8014002000900240FB
:1066A0002DE9F05F0E4629480568D5F808A04FF09F
:1066B000000900243AE02868002802DA6FF001009F
:1066C0003AE0B6F80A8000271DE07068A4F2F452A0
:1066D000C1190AEB04005242F9F786FDED682868FB
:1066E000002802DA6FF0070026E0D5F808A0ABF228
:1066F000F4583F1B07F2F457A9EB040000F2F450E2
:106700001FFA80F9002408EB040B40F2F450834593
:10671000DBD870684246C1190AEB0400F9F764FD42
:10672000444409EB08001FFA80F93668002EC2D1F4
:106730004846FAF7BFFF002005494A69920603D58B
:1067400020224A6100224A60BDE8F09F78140020B0
:1067500000900240010600F47F4241EA022100F469
:106760007F0241EA122141EA106070470106090CDC
:1067700041EA10207047FFF7EDBFFFF7F7BF18B5EC
:106780000022009200F00103002B0BD0002909DD4C
:1067900010F8014B8DF80140491E03E030F8024B20
:1067A0002244891E0129F9DC002902DD00788DF8D8
:1067B0000000BDF80000104481B201EB104081B22E
:1067C00001EB104023B1C1B2C0F3072040EA012021
:1067D00080B218BDFAF75EFBFDF7BEFDFBF728FEA1
:1067E000FBF7B0FE0120FBF731FF0120FBF7FEFEB7
:1067F000FF20FBF713FF47F6FF70FBF79DFB9D2182
:106800005AA0FDF779FEFAF7A5FBFBF7F3FFFEF7B9
:106810000FFBFCF74DFB6348FCF7E0FD6148027895
:10682000562A0ED04FF47C40FBF7F2FEFBF7FAFD40
:106830005DA10020FBF702FCB62165A0FDF75CFE20
:10684000FEE74378AF2171A0FDF756FEFCF732FD5D
:10685000FCF75CFFFCF746FAFCF748FC734FF87F47
:10686000012801D1FCF718FA0120FAF73BF80120C2
:10687000FAF722F84B4CDFF8B8A14FF4005BDFF8D1
:10688000B481DFF8B4910026641E6C4DFAF776FBF4
:1068900008B1FCF77DF8D8F80000FCF755F8FEF7D2
:1068A0000FFB01215046FBF733FB01281AD1D921F8
:1068B00063A0FDF721FEFAF771F96068012809D09D
:1068C00001206060F9F7ACFFFCF720FFF87F01289A
:1068D00004D005E06660F9F7C9FFF5E7FCF79EF81C
:1068E000FAF750F959465D48FBF712FB012811D120
:1068F000D8F80000A168411AB1F5967F0AD3A060CC
:10690000FEF7D8FA18B1FEF7CDFA002828D054A027
:10691000FDF7F2FD99F8000040B189F80060584891
:1069200043790279016857A0FDF7E6FD2868002841
:10693000ACD12078F9F706FD9FED5E1B53EC112BCF
:10694000F9F791FC41EC100B40F21F1153EC102BA6
:106950005AA0FDF7D1FD267041F28830286095E7F6
:10696000FEF7E0FA5FA0FDF7C7FDD3E73C3C2D43FF
:10697000414D4552412D44454255472D3E3E205BF9
:1069800025645D53544D3332463432392044434DEF
:1069900049203F3F3F3F4F56353634303F3F3F3F22
:1069A0000A00000025000020202020202020202098
:1069B000203F3FA7DE3F3F4F56353634303F3F3F05
:1069C0003F3F3F3F3F3F3F3F3F3F3F3F00000000D3
:1069D0003C3C2D43414D4552412D44454255472DA8
:1069E0003E3E205B25645D3F3FA7DE3F3F4F56356F
:1069F0003634303F3F3F3F3F3F3F3F3F3F3F3F3FCA
:106A00003F3F3F3F3F3F3F0A000000003C3C2D43DB
:106A1000414D4552412D44454255472D3E3E205B58
:106A200025645D25782025780A0000007400002088
:106A30000000024030000020391400201015002012
:106A40003C3C2D43414D4552412D44454255472D37
:106A50003E3E205B25645D4B310A00000008024089
:106A60000D0A544350206E6F7420636F6E6E656321
:106A7000746564206F7220627573792E0D0A0000B0
:106A8000BC1600200D0A414920726573756C743A7A
:106A9000206672616D655F7365713D256C75206F51
:106AA0006B6E673D257520626F7865733D25750DAA
:106AB0000A00000000000000000014403C3C2D4390
:106AC000414D4552412D44454255472D3E3E205BA8
:106AD00025645D0D0A3F3F3F3A252E31662F732016
:106AE0000D0A0A000D0A43617074757265207265A3
:106AF000717565737465642C2077616974696E675C
:106B0000206E657874206672616D652E2E2E0D0ADA
:106B10000000000000280FD008490A6890420BD3FB
:106B20004A68904208D20838002202718A6890426E
:106B300000D2886000F062BC70470000A4140020FE
:106B400010B50A480A4A20F0030010604FF42053A1
:106B5000038000214180017100F520515160012422
:106B60000C710B804B80906010BD0000B74B002073
:106B7000A41400202DE9F04100280ED0C01C4FF6CF
:106B8000FC7100EA01030C2B00D20C234FF42057B8
:106B9000BB4204D90020BDE8F0810020FBE7224E73
:106BA0003468B268101B81B2C3F5205C37E060180E
:106BB000057995BB05886D1A083D9D422ED3058841
:106BC00003F114086D1A083D4FF0010C454515D32B
:106BD0000B4408339DB263194FF0000883F804801A
:106BE000B0F80080A3F800805980058080F804C0C8
:106BF0001988B94204D0A31CCD5201E080F804C02A
:106C0000904202D007E011880A19117911B1716818
:106C10008A42F8D1B2600830BDE7FFE7615A8C457F
:106C2000C5DC0020B7E70000A41400202DE9F047E0
:106C3000C91C4FF6FC7211400C2900D20C214FF4F4
:106C4000205C614502D90020BDE8F087DFF8A49000
:106C5000D9F80040A042F7D3D9F804209042F3D2EB
:106C6000A0F10802131B9BB21588EE1A083EB7B2BA
:106C7000B94202D94FF00000E6E7E5D025441D4EA9
:106C800095F804A04FF000083668BAF1000F06F13D
:106C9000020618D001F11405BD42D5D819440831B7
:106CA0008DB26119D9F80840A14201D2C9F8081083
:106CB00081F8048014880C804B8015800988614518
:106CC000C2D08D53C0E72F881944083189B2D9F852
:106CD00008A0AA4502D16518C9F808500C4484F8E8
:106CE000048027806380118022886245ACD0915354
:106CF000AAE70000A4140020002905D0034A52F896
:106D000020300B6042F8201070470000C87300204C
:106D1000F0B50020401C80B20928FBD3104820F0B9
:106D2000030100200E4B0F4D0026273B05F11204F6
:106D300043F82060002209E053F820700F6043F808
:106D4000201035F810703944521C92B234F810708B
:106D50009742F1D8401C80B20928E9D3F0BD000069
:106D6000EF73002064AD00080146092901D300201B
:106D70007047044A52F821000028F9D0036842F80D
:106D800021307047C87300202DE9F04106AD04465C
:106D9000E0CD00206060A060E06084F831006062B7
:106DA000E06125620A4D287884F83400401C287080
:106DB0002761204600F00EF82046B04710B10020B1
:106DC000BDE8F081686820606C602046F8E700004C
:106DD000B014002070B5064614461D46304600F03B
:106DE00025F82146304600F089F829463046BDE8AE
:106DF000704000F014B8000001498860704700003E
:106E0000B014002090F83110CA0707D021F001011A
:106E100080F83110890601D5FEF74CBB7047002978
:106E200002D00968C16070470021FBE770B50546D4
:106E30000C46002C21D02068696888421DD0144877
:106E4000006809E001686A68914204D1C66800F0F0
:106E500031FC304600E0C0680028F3D10D480068DE
:106E600009E007D0016829B16A68914202D144B1B2
:106E700021680160C0680028F3D12CB120686860E7
:106E800070BD4FF00001F4E74FF00000F7E700009D
:106E9000D8140020D4140020002800D0C16170470D
:106EA00090F83110CA0607D521F0100180F8311092
:106EB000C169002900D00847704710B5044694F80E
:106EC0003100C10619D440F0100084F83100606A26
:106ED00010B12046FEF7A0F994F83100C10705D0A3
:106EE000800603D5211D2046FEF704FDE169002937
:106EF00003D02046BDE81040084710BD002902D04D
:106F00000968816070470021FBE790F83110CA07DB
:106F10000AD141F0010180F83110CA0604D5890672
:106F200002D5011DFEF7E6BC7047000010B508460B
:106F30001446002C03D0FEF701F8204610BD04488B
:106F40000121C17000210171C180002010BD00002D
:106F500038140020034800214161C1700171C180D3
:106F6000704700003814002010B5084602F0EEFB10
:106F7000002010BD2DE9F041084616461C46002CA5
:106F800006D016B1304600F0A8F92046BDE8F081E1
:106F90002EB1318901F048FF3446124F19E0FDF758
:106FA000CDFF0020F2E7FA88C2F5007080B2658953
:106FB000854200D905464DB10B48616810442A4608
:106FC000F9F712F9F8882844F88001E00020F880E9
:106FD0002468002CE7D1304600F07FF900F082FAF7
:106FE0000020D3E7381400201418002010B50846FC
:106FF00002F0ACFB002010BD2DE9F0470D4617460E
:10700000002808D0012808D0022808D0032808D07A
:107010000020BDE8F087362604E0222602E00E2696
:1070200000E000264FF001094FF00008EFB3012FF8
:1070300064D0022F62D0032F01D00020E9E708209E
:10704000FFF792FE0446200019D02773C4F8008091
:10705000A019133020F0030060602581F61C26F093
:107060000300C0F5FA70A84200DD284680B26081B6
:10707000A4F80E9026462D1A4FF4FA7A1AE0002052
:10708000C7E70820FFF770FEB8B1077380F80D80DE
:10709000C0F800803060A9B20181514500D351464B
:1070A000418100F11002426000E00BE0A0F80E9078
:1070B0006D1A0646002DE4DC2DE0204600F00DF9A7
:1070C0000020A6E706F1130020F00301E81C20F0E1
:1070D0000300084480B2FFF74DFD044620000BD0AA
:1070E000A019133020F00300606025816581C4F889
:1070F000008084F80C800EE000208AE70720FFF76C
:1071000033FE044620000CD0C4F80480258165813C
:10711000C4F800802773A4F80E9084F80D802046F0
:1071200077E7002075E770B50446DDE90456184698
:10713000002C07D0012C07D0022C07D0032C07D03D
:10714000002070BD362304E0222302E00E2300E07D
:107150000023DB1C23F003035C18B44201D9002098
:1071600070BD0024046015B12B44436000E044600E
:10717000022343730181418102730121C18170BDEA
:1071800010B500280FD000290DD004E003890C8928
:107190002344038110460268002AF7D102890B8933
:1071A0001A440281016010BD10B50C462146FFF75C
:1071B000E7FF2046BDE8104000F019B9002102E0C9
:1071C000491CC9B200680028FAD1084670472DE969
:1071D000F04705460C46002600276FF00D09002DEC
:1071E00004D01CB128892189884202D24846BDE8D2
:1071F000F0876FF0050A68896189801BC91B884286
:1072000002DB1FFA81F801E01FFA80F8606842464D
:10721000C11968683044F8F7E7FF06EB080086B24A
:1072200007EB080087B26089B84201D800272468BC
:107230006889B04205D100262D6815B90CB14846C1
:10724000D5E73CB160892189884203D1206808B123
:107250005046CCE73DB168892989884203D1286826
:1072600008B15046C3E7002CC5D10020BFE72DE987
:10727000F047894616464FF00008002805D0B9F1BE
:10728000000F05D00027044622E00020BDE8F0876B
:107290000020FBE72BB16089984202D8181A83B20C
:1072A00015E06089C01A85B2B54200D935466068DC
:1072B0002A46C11809EB0700F8F796FF08EB05000E
:1072C0001FFA80F8781987B2701B86B200232468F1
:1072D0000EB1002CDED14046D8E770B5002801D0B1
:1072E000002407E0002070BDC189491E89B2C18118
:1072F00021B100200028F7D1204670BD0568017B30
:10730000427B920702D50169884707E0032909D02B
:1073100001290CD002290AD0FFF7FCFB641CE4B25F
:107320002846E7E701460820FFF7E6FCF6E70146B6
:107330000720FFF7E1FCF1E710B5002908D038B1CC
:1073400008DA4A4293B242899A4204D2012010BD1F
:10735000002010BD8BB2027B44683AB1032A05D0ED
:10736000022A0CD0012A0AD0012010BD621A426004
:1073700000F110039A4209D24460012010BD002997
:107380000CDA42899A4209D3621A426042890A445D
:107390004281028911440181002010BD012010BDED
:1073A00070B502898A4221D98A1A0D46044605E041
:1073B000281A85B220891044208124686089A84257
:1073C000F6D3207B50B96089A84207D0A088001B63
:1073D000284481B22046FFF729FC044665812581B7
:1073E000206808B1FFF779FF0020206070BD0028F9
:1073F00002D0C189491CC1817047000030B5134CCF
:10740000018822681144931C88420DD00D795DB922
:107410006568A94208D0A5688D4200D1A0600D889A
:1074200005800988851ACD524188114481420BD0CC
:107430000D79002D08D1A568854200D1A16004888E
:107440000C800088891AC15230BD0000A4140020AD
:107450002DE9F04780460027D8F8040090F80990FD
:107460000025DFF854A0DAF800401EE0207C4845F3
:1074700019D12CB1206818B110490968884212D17D
:10748000666986B10E4B42462146A069B04750B1AD
:107490004FF00008012735B1E068E860DAF8000035
:1074A000E060CAF800402546E4680FB9002CDDD141
:1074B0003846BDE8F0870000BC140020941400207A
:1074C000901400204178007841EA00207047C1788C
:1074D000027841EA026142788078120442EA002090
:1074E000084370472DE9F04FD3B0DFF82CA18CE0B2
:1074F0004A48FFF7ECFF4A4988420DD04749BAF89D
:107500000620491C521E481EF8F76EFEBAF8060007
:10751000401EAAF8060078E04048001DFFF7D2FFA1
:1075200004463E480C30FFF7D2FF0746B7F5F87F18
:1075300005D90020AAF8060053B0BDE8F08F07F186
:10754000100BBAF806101FFA8BF08842F4D8DFF857
:10755000CC8008F11008022C49D1082F47D34FF4F2
:10756000A47101A8F8F767FE4046FFF7B0FF01904D
:1075700098F804008DF8080098F805008DF80900C7
:10758000202802D920208DF809000820002621E0BB
:1075900000F10A09B94521D808EB00042046FFF79D
:1075A00091FF06EB860201A901EB4205E880A01CD1
:1075B000FFF788FF2881201DFFF784FF6881A01D49
:1075C000FFF780FFA881207AA873607AE8734846A5
:1075D000761CF6B29DF80910B142D9D84FF4A472C6
:1075E00001A91048F8F700FE01208AF801001FFAEF
:1075F0008BF4BAF80600021B08480119F8F7F4FDED
:10760000BAF80600001BAAF80600BAF8060010280F
:10761000BFF46EAF90E7000038140020141800206B
:107620005AA55AA5BC1600202DE9FC4704460E4673
:10763000207E0A282FD0276DD4F82880D4F88850CF
:10764000D4F8109021461A4800F04AFF184901204A
:1076500018390870206F08B101F0BBFCE06E08B16A
:1076600001F0B7FC4EB1A08B618BCDE90010231D5A
:1076700022464146384601F061FC21460220FFF7D0
:107680003BFB002D12D002B04846AC46BDE8F047A7
:107690006FF00901604706482146001D00F020FFF9
:1076A0002146BDE8FC470220FFF726BBBDE8FC876A
:1076B000D81400200121FFF7B7BF000070B50546C0
:1076C0000220FFF751FB04466CB900F065FC022074
:1076D000FFF74AFB044634B9284600F03BFC022081
:1076E000FFF742FB044694B394212046F8F7A3FD2C
:1076F0001034657241F2D060A4F856000023A4F85B
:1077000058304010A083E08304F8073CFF2004F8C1
:10771000060C4FF40670E0840620A086238660865F
:10772000C01FA0840120A08700F0F6FCA0642064A4
:10773000A063E0640748C168616180786074E373A6
:107740000548E0660548E06784F88230103C204632
:1077500070BD0000C0140020038E000800DD6D0025
:1077600001617047017E012903D0817F41F0100142
:1077700081770121AFF300802DE9FC470446002703
:10778000207E554E4FF0010800293FD0042801D03B
:1077900007283BD1616F21B9A18DA1F53062683A0C
:1077A00034D0A08B618BCDE90010231D2246A16A45
:1077B000206D01F0C3FB204600F075FEB069A042C9
:1077C00002D1C068B0610CE0306207E0C068A0423E
:1077D00003D1316AE068C86003E03062306A002893
:1077E000F4D1E76086F80080207E042806D0214688
:1077F0000220FFF781FA0020BDE8FC870A202076EE
:10780000F069E060F46101F06FFDF4E74FF0050905
:10781000082857D2DFE800F004212D3B4456564D8E
:107820000025608B98B13069A04202D1C0683061F8
:107830000CE0306207E0C068A04203D1316AE06822
:10784000C86003E03062306A0028F4D1E760214666
:107850000220FFF751FA002436E000251E48214699
:10786000143000F03DFE21460320FFF745FA0024C6
:107870002AE0002518482146183000F031FE86F82D
:10788000008021460220FFF737FA00241CE0204642
:1078900001F0CCFB0546280016D184F8189013E0BF
:1078A000204601F0C3FB054628000DD184F818904E
:1078B0000AE0204601F0BAFB0546280004D1092061
:1078C000207601E0002500241CB115B9204600F007
:1078D0002BFC284690E70000C01400202DE9F0475B
:1078E00004460E461D46207E002803D06FF0080097
:1078F000BDE8F08736B130686060A2832CB12068A3
:1079000018B108E06FF00500F2E7201DFEF702FE57
:1079100038B140682060B4F81A90B9F1000F03D074
:1079200006E06FF00300E3E700F0CAFB608350B3AA
:1079300000F0F2FB002744F8287FA062401E20627E
:10794000606340F66830A080E080A76020874FF435
:107950000670E081314600F091F8E0814FF00108B7
:10796000A4F8248000EB80004FF6FF7101EA40008C
:10797000E084A565283C0221204600F08FF80546EA
:10798000280003D026E06FF00100B1E70220207646
:10799000114EB9F1000F13D03069A04202D1C06876
:1079A00030610CE0306207E0C068A04203D1316A68
:1079B000E068C86003E03062306A0028F4D1E76014
:1079C000B069E060B46101F08FFC86F80080204669
:1079D00000F0AAFB28468BE7C01400202DE9F047F1
:1079E0008046089D0F4691469A46E80701D004203C
:1079F00000E00020A90701D50C2100E00021461875
:107A00000420FFF7B1F9041E11D0A57200252560EE
:107A100067603889801B208114213846FFF78CFC71
:107A200050B1204601F0C6FA0020BDE8F087384684
:107A3000FFF753FC0020F8E760684068E060B8F8A2
:107A40001A00FEF793FEE1680880B8F81C00FEF704
:107A50008DFEE16848805046FEF77CFEE168486094
:107A6000052000EB960049EA003080B2FEF77EFE6A
:107A7000E1688881E06845822046D6E710B5044673
:107A80000846FEF747FD38B1008D28B1283880B28E
:107A9000844200D220460446204610BDF8B5044674
:107AA0000E460025B4F868006F1E082806D2B007FD
:107AB00000D50125E80707D0042006E0A07F40F0AC
:107AC0008000A0773846F8BD0020A90701D50C2119
:107AD00000E000210144B4F8660080B100221046A5
:107AE000FFF78AFA68B10095014632462046E36DF9
:107AF000FFF774FF021E0AD0E06E70B110E0384646
:107B0000F8BDA07F40F08000A0773846F8BDA07F88
:107B100040F08000A0773846F8BDE26604E00846F1
:107B200001680029FBD102600020A4F86A0006F079
:107B3000020006F00101084307D0E06D401CE0653B
:107B4000B4F86600401EA4F86600F00703D0A07FDA
:107B500040F02000A0775068FFF730FB34F8681F32
:107B6000084420800020F8BDC0F88810704700004D
:107B700070B5144EB078401CB070B4691FE094F832
:107B80002110B07881421AD084F82100A07FC1076B
:107B900009D040F00200A077204600F0C5FAA07F8F
:107BA00020F00300A077E568606F38B100203070E6
:107BB000204600F0D3FE30780028DED12C46002C81
:107BC000DDD170BDC01400202DE9FC4705460C46F0
:107BD000C94E6868B060017801F00F0200EB8200C6
:107BE0007060900041422846FFF7A6FBD8B928896B
:107BF000142818D3DFF804832146D8F80000FEF7D4
:107C000078F880B998F80000C0F303100E280AD065
:107C100070688089FEF7B1FD000B80004142284664
:107C2000FFF78AFB20B12846BDE8FC47FFF755BBAC
:107C300070680088FEF7A1FD0146706801804088E9
:107C4000FEF79BFD0146706841804068FEF793FD9A
:107C500071684860F0608868FEF78DFD7168886023
:107C60003061C889FEF789FD01467068C18180894D
:107C7000FEF783FD00F03F0737702989B80701D070
:107C8000012000E00020084470800022DFF870929C
:107C9000D9F80040A4469B48D8F8001003681BE0C0
:107CA0007068B4F81C80B0F800A0D04512D1B4F8C8
:107CB0001A80408880450DD1606898420AD12068BA
:107CC000884207D152B1E068D060C4F80CC0C9F84E
:107CD000004003E02246E468002CE1D1ECBB8A4876
:107CE000046818E07068A28BB0F800C0624511D13A
:107CF000628B408882420DD1606898420AD1206828
:107D0000884207D1204601F0F1FA2846BDE8FC4739
:107D1000FFF7E3BAE468002CE4D10023DFF8EC813C
:107D2000D8F8000084460DE0D6F80490428BB9F8EC
:107D300002904A4504D102688A4205D020B11AB1A6
:107D40000346C0680028EFD138B12BB1C168D960B3
:107D5000C0F80CC0C8F8000000E006E000F036F9FA
:107D60002846BDE8FC47FFF7B8BA002C6FD0DFF813
:107D7000A0914FF00008C9F800802889A9F80800F0
:107D8000C9F804507068C9F80C00C6F8148086F869
:107D90000180380703D5687B40F001006873606F8D
:107DA00040B1204600F0DAFD0A307ED0606F08B1A5
:107DB000708860BBB461204600F0C4FB0A3074D008
:107DC000707801070FD5D4F888201AB16FF00A0136
:107DD0002069904721464A4800F082FB2146022054
:107DE000FEF78AFF61E0C00612D5A07FC00606D468
:107DF000D4F888201AB16FF00B0120699047214612
:107E00003F4800F06DFB21460220FEF775FF4CE075
:107E10000020B4F8642032B1A36F13B12146206969
:107E200098470A3041D07069F0B1A17FC90605D5E5
:107E3000FFF753FA2046FFF73DFC36E0E56F3DB112
:107E400027690246002321463846A84706E03AE063
:107E5000002302462146184600F0D3FF10F10A0F16
:107E600023D008B1706960677078800618D5606F9C
:107E700020B1417B41F02001417311E0A08DA0F5BC
:107E80003061683901D0401CA085E56F2DB1002319
:107E90001A4621462069A84700E000200A3004D095
:107EA000C6F81880204600F03FF9C6F81880C6F8DA
:107EB0001480D9F80400002803D0FFF70EFAC9F89F
:107EC0000480BDE8FC8770688089FEF756FC400797
:107ED0000CD470680B4B094A01884088CDE9000139
:107EE0007188F0680144306901F028F82846BDE83F
:107EF000FC47FFF7F2B90000E414002094140020BE
:107F0000D814002090140020DC140020D414002089
:107F1000A09500207CB50446206D401EFEF71AFC9B
:107F2000034600221146204600F0C2F90546002D06
:107F30000ED006200021CDE90010A37A221D214693
:107F40002846FEF793F82846BDE87C40FFF7C5B900
:107F50007CBD0000F0B406467F25002400200D49BA
:107F600089690C4AD7680CE04A7EB24208D8AA4216
:107F700006D84B6AFB1AA34202D31C460846154694
:107F8000C9680029F0D1002802D0F0BCFFF792BBED
:107F9000F0BC7047C014002030B4002300200A4910
:107FA000C969094AD46806E04A6AA21A9A4201D30A
:107FB00013460846C9680029F6D1002802D030BC13
:107FC000FFF778BB30BC7047C01400207CB5054675
:107FD000344E3078410701D500207CBDC1060DD557
:107FE0007068314B314A01884088CDE900017188C1
:107FF000F0680144306900F0A1FF50E080074ED5E1
:10800000687EFFF75BFB0446200040D027480068ED
:108010002060688B60832448006860607068018815
:10802000A18303212176F1680A46491CA1622163DC
:10803000C189A4F86010C089A4F86200A4F84E10A9
:10804000521E62652869206168696061287A00F0C3
:108050008C00207216480168E160046001F044F968
:10806000144901200870204600F0B0F9E08E211D6F
:10807000FFF704FDE08612212046FFF70FFD0546BD
:1080800045B100212046FFF7CFFA28467CBD4FF0CE
:10809000FF307CBD2046BDE87C4000F045B80020A4
:1080A0007CBD0000E41400209014002094140020F3
:1080B000D8140020C01400204020FFF7FFBA0000B1
:1080C000F0B50024124E134D4FF6FF77A888411CDF
:1080D000A980B84202D14FF44040A8800021AA886C
:1080E00056F8210000680AE0438B934206D1641CD5
:1080F000A4B2B4F5804FE9D30020F0BDC0680028D9
:10810000F2D1491CC9B20429EAD3A888F0BD000005
:10811000CCAD0008C01400200249D1E9020210448D
:1081200088607047C01400202DE9F04705465F487D
:108130000068A84202D10020BDE8F087B5F86000D1
:10814000B5F84C80404500D28046EC6EA87F800791
:108150000FD54CB1E0684068FEF70DFBA96C401AE2
:1081600021890844404504D92846BDE8F04700F07D
:1081700039BF2F6F0FB903E0074638680028FBD1DD
:108180004FF000097CE0E0688089FEF7F6FA286F7E
:10819000A8B1A97F11F0440F11D1E86E28B102688F
:1081A0006AB90089EA8E904209D2B5F8660030B10A
:1081B000B5F86800082802D211F0A00F6CD0206832
:1081C000E866287E02280BD01020FEF7CFFA014681
:1081D000E068828911438181A87F20F00300A8779D
:1081E0002946204600F09AF8E0684068FEF7C3FA96
:1081F0000646E0688089FEF7C0FA800700D00120BB
:10820000218930440844296D091A00D52865E068A1
:108210008089FEF7B2FA800700D001202189C84288
:108220002AD0C4F80090286F68B1E0684068FEF773
:10823000A2FA0646F8684068FEF79DFA301A18D58B
:1082400005F1700603E02C67274618E036683068B1
:1082500058B1C0684068FEF78EFA8246E068406810
:10826000FEF789FABAEB0000F0D430682060346081
:1082700005E03C60274602E0204600F09BFEEC6EE5
:1082800054B1E0684068FEF776FAA96C401A21897B
:10829000084440457FF677AFE86E08B9A5F86A90C4
:1082A000A87F20F08000A877002045E7FC1400207C
:1082B0002DE9F04105460F469846B818143081B2B2
:1082C00000220120FEF798FE0646300023D0746895
:1082D000688BFEF74BFA2080A88BFEF747FA608088
:1082E000C4F80480A86AFEF735FAA060052000EB08
:1082F0009700102141EA003080B2FEF737FAA081E2
:10830000E88DFEF733FAE081002020826082E98D5B
:10831000A86A084428633046BDE8F0817CB505466C
:108320000C46A06AFEF716FAE9688860E08DFEF751
:108330001DFAE968C881E18DA06A08442063EE68EF
:108340001436A87AC00709D0211D40F2B450FFF7B7
:1083500095FB40F00170FEF7FDF93060B4F9340090
:108360004FF00006401C00D1A6860CB1206830B941
:10837000201DFEF7CFF8002825D040682060A06BB4
:1083800038B911480068A063E8684068FEF7F3F95F
:10839000E0636968A8898A88801A4A89121A4A8122
:1083A00069680A89101A08816968E8684860E8689D
:1083B00006820621607ACDE90001A37A221D2146BA
:1083C0006868FDF753FE7CBDCC14002070B50546EF
:1083D0001F4E7468204614348089FEF7CEF90521BB
:1083E000B1EB103F1DD270688089FEF7C6F96FF0BF
:1083F000040101EB1030090C01EA8003002140F276
:10840000B4560CE0625C002A0BD0012A0AD0022A82
:108410000BD060184078002803D0084481B29942FC
:10842000F0D370BD491C89B2F9E76218507804286E
:10843000F7D1091D9942F4D8D078927840EA022207
:10844000B24200D802B93246EA8689B2E7E70000B4
:10845000E41400202DE9F0411E46DDE90737069DB2
:108460000C462146944211D29B0707D4AB7F5B0692
:108470000CD41FB1EB6E0BB92B6F3BB104F2B751AB
:1084800021F00301914200D80A4691B20022FEF782
:10849000B3FD30B14189091B318004814481BDE8BD
:1084A000F0810020FBE770B50446207E002816D03E
:1084B0000A2814D0012812D0606F002510B1FEF7F1
:1084C0000CFF65674FF0FF30A086E06E00F081FD85
:1084D000206F00F07EFDE5662567A4F86A5070BD48
:1084E00070B502460C461068A04202D1C068106008
:1084F0000DE01149086207E0C068A04203D1096A93
:10850000E068C86003E00862086A0028F4D100252A
:10851000E5602046FFF7C7FF207E0A280AD0012821
:1085200008D0A07FC10705D040F00200A077204608
:10853000FFF7FAFD257670BDC0140020203041669B
:10854000027070472DE9FE4F044600200021029181
:10855000DFF8E8A39AF800104A0725D5217E022902
:1085600019D0A16ADAF80C20531A05D4A38D194446
:10857000511A002900DC0120A0B19AF8010040F056
:1085800008008AF80100A07F20F00100A0776FF0BA
:108590000A00BDE8FE8F216DDAF810209142EBD180
:1085A0000120E9E70020F4E788070AD5207E0228A9
:1085B00007D0032805D0A07F40F00200A07700205C
:1085C000E7E7A07FC00602D4DD48006860620020B3
:1085D00084F892002046FFF7F9FE207E0127801ED6
:1085E000DFF86083D84EDFF864B3D94D4FF00A0945
:1085F00008285ED2DFE800F0047BD7E5FDD7FCFB5E
:108600009AF80000C1065CD580075AD5206FC06873
:108610004068FEF7B0F8DAF81010401C884250D1DC
:108620002834E08F401CE087DAF80C000246401C3A
:108630002060A0602162DAF80400C1892187C08926
:108640006087521EE262042004F8100CE089283C86
:10865000211DFFF713FAE08600EB80024FF6FF7151
:1086600001EA4201A4F84E10B4F84C10012900D1DF
:10867000400024F84C0FA08B401EA083606A016864
:10868000616200F097FC606A4C3C98B10020A086C3
:1086900084F84600D4F8803023B1002221462069B6
:1086A0009847029002980A3008D0A07F40F002005C
:1086B000A07740E14FF0FF30A086EBE76FF00900B4
:1086C00067E79AF80000C006F3D5DAF80400A14B7A
:1086D000A14A01884088CDE90001BAF80200DAF821
:1086E0000C100144DAF8100000F028FC23E19AF89D
:1086F0000000C1064BD5A16CDAF81000411A01291F
:1087000035D4216D411A002931DC042020766369BB
:1087100023B1002221462069984701E06FF00D0047
:1087200038B10A3002D02046FEF7C4FF6FF00900CE
:108730002FE7B4F84C50204600F046F9B4F8640036
:1087400010B1401EA4F86400012D0DD0E08EA4F8F5
:108750004C009AF80100800605D5A07F40F0020089
:10876000A07707202076E6E0E08E4000EFE7DAF819
:108770000410784B0A884988CDE90012BAF8022023
:10878000DAF80C101144744A00F0D8FBD3E08007EB
:1087900008D5A06ADAF80C10401E884202D12046A3
:1087A00000F05EFBC7E0204600F00EF99AF80100E9
:1087B000800605D5A07F40F00200A0770720207634
:1087C000B9E0204600F000F99AF80100800639D59A
:1087D0009AF80000C0062ED5206DDAF810108842F5
:1087E00029D1A07F40F00200A077204602E090E06F
:1087F00061E033E0FFF757FEDBF80000A04203D151
:10880000C068CBF800000CE0286007E0C068A04218
:1088100003D12968E068C86003E028602868002860
:10882000F4D188F8007084F818903068E060346003
:1088300000F05AFD7FE0A07F40F00200A077082002
:10884000207678E09AF80000C00674D5206DDAF83A
:10885000101088426FD1062020766CE0204600F090
:10886000B3F89AF80100800665D5A07F40F00200B9
:10887000A0772046FFF717FEDBF80000A04203D1E7
:10888000C068CBF800000CE0286007E0C068A04298
:1088900003D12968E068C86003E0286028680028E0
:1088A000F4D188F8007084F818903068E060346083
:1088B00000F01AFD3FE0204600F086F89AF800002C
:1088C000C00638D5206DDAF81010884233D1204622
:1088D000FFF7E9FDDBF80000A04203D1C068CBF848
:1088E00000000CE0286007E0C068A04203D12968BE
:1088F000E068C86003E0286028680028F4D188F8A0
:10890000007084F818903068E060346000F0ECFC8F
:1089100011E0204600F058F89AF80000C0060AD589
:10892000206DDAF81010884205D19AF8010040F065
:1089300010008AF8010000202BE60000E41400205B
:10894000CC140020C0140020DC140020D814002017
:10895000E014002090140020941400202DE9F04130
:108960000446656F6F7B00206067E66F002E05D0C0
:1089700000232A4621462069B04705E000232A4605
:108980002146184600F03DFA6FF0090628B10A307A
:1089900017D065670020BDE8F081B906FAD5A18D32
:1089A000A1F53062683A01D0491CA185E56F25B177
:1089B00000231A4621462069A8470A30EAD13046EA
:1089C000E9E73046E7E700002DE9F04104460025DD
:1089D000F84F2E463878C0067DD5B4F860C0A06D3B
:1089E0000CEB0003626DF968B2EB01080BD48A420C
:1089F00002D13A69821A06D43A69904217D178684E
:108A0000C089604513D97868C289A4F86020B4F899
:108A100062C0C089844501D2A4F8620061653869EA
:108A2000A06572B194F8910008B184F89160A26CCD
:108A30003869811A00293ADCA4F86460798851B158
:108A400030E094F891000028F1D184F89060012082
:108A500084F89100EBE7B4F860C0A16D61449942DD
:108A600020D1B4F9341000291CDB82421AD101252F
:108A700094F84700411CC9B2814201D984F84710DB
:108A800094F84700032809D9B4F84C10E08E084444
:108A900080B2884206D9A4F84C0003E002D12046F7
:108AA00000F006FA002D01D184F84760A0E001290A
:108AB0007AD4226D821A002A76DCA27F530706D56B
:108AC00022F00402A277B4F84E20A4F84C202834F7
:108AD000A677628B00E0C7E0B4F9183002EBE3023E
:108AE000A283A187E28F1144E187E677206214F820
:108AF000100C283C042836D3B4F84C00B4F84E10BF
:108B0000884207D2E18E014489B281422BD9A4F870
:108B10004C1028E0E18E494391FBF0F1014489B209
:108B2000884220D2A4F84C101DE0286820676868AD
:108B3000FEF744FBB4F8640050B1E8688089FDF7A3
:108B40001CFEC00704D0B4F86400401EA4F8640002
:108B50006868FEF733FB34F8681F081A208028463F
:108B600000F028FA683C206FA0B1C0684068FDF7AB
:108B700002FE0546206FC0688089FDF7FEFD800774
:108B800000D001202844256F298908443969401AFA
:108B90000028CADD206F18B1A686E67728E003E03A
:108BA0004FF0FF30A086F8E7A4F8646020E0286862
:108BB000E06608B9A4F86A606868FEF7FFFAB4F8DE
:108BC000640050B1E8688089FDF7D7FDC00704D084
:108BD000B4F86400401EA4F864006868FEF7EEFA7A
:108BE00034F8681F081A2080284600F0E3F9683C32
:108BF000E06EB8B1C0684068FDF7BDFD0546E06EA7
:108C0000C0688089FDF7B9FD800700D001202844A5
:108C1000E56E298901443869411A03D4216D401A4F
:108C20000028C4DDA06BF8B1E16B3A69891A1BD545
:108C300061490988081AB4F94010A0EBE10000B2BC
:108C400001440AB2A4F84020002801DA404200B2F0
:108C50003834B4F90A10A0EBA1000844608100EB9D
:108C6000E200A08144F838697B88002B7ED0207E0A
:108C700007287BD2A06AFA68504D811A012926D4B0
:108C80001344C31A5B1C002B21DC686842898A42AA
:108C90000FDA0289521A93B203E0891A03814681DE
:108CA000006842898A42F8DB494209B2FEF744FB78
:108CB00003E0494209B2FEF73FFBBA89A06A29895D
:108CC000821A891A2981F860E968486005E0101A5B
:108CD00003D5A07F40F00200A077A06AF9680A1AC5
:108CE00079D4A28D02448A1A521C002A73DC88426D
:108CF0006CD1E8688089FDF740FD800700D0012035
:108D00002989084480B27880A18D81422DD2E868FB
:108D10008089FDF732FDC0070ED0E8688089FDF735
:108D20002CFD00F03E00FDF721FD0146E868828938
:108D300022F47C5211438181A08D2881E8688089CA
:108D4000FDF71BFD800702D52889401E288129894F
:108D50006868FEF725FBE8688089FDF70EFD80074F
:108D600000D0012029890844788000E038E0788824
:108D7000F9680144A162A18D081AA085204600F07F
:108D8000FFFA6868018909B178616E60E8688089D6
:108D9000FDF7F3FCC00703D0787840F0200078702E
:108DA000A07FC1070ED020F0010040F00200A077A4
:108DB000BDE8F081E4140020CC140020A095002030
:108DC00009E003E040F00100A077F1E72046BDE8AC
:108DD000F04100F007B92046BDE8F04100F002B9CB
:108DE000A06AF9680A1A05D4A28D1044081A401C1A
:108DF0000028DDDDA07F40F00200A077D8E7C16742
:108E0000704710B508461446002C06D0218900F0A2
:108E10000BF82046FEF761FA00E00BB1002010BD10
:108E2000BDE81040FEF79EBC10B50446A08D084476
:108E300080B2A08540F66831884200D9A1852046DD
:108E400000F09EFA40F2DA21884208DBA07F40F071
:108E50000200A0772046BDE81040FFF765B910BDBD
:108E60002DE9F04105462E6F002E1FD0306828678F
:108E700005F16C0400E02468206850B1C0684068C7
:108E8000FDF779FC0746F0684068FDF774FC381A76
:108E9000F1D42068306026603168002009B9A5F857
:108EA0006A003835A97B491CA9732860BDE8F081A8
:108EB00010B50446206F002828D0A07F400725D495
:108EC0002046FFF7CDFFB4F84C00B4F8601088429C
:108ED00003D94808A4F84E0002E04008A4F84E0068
:108EE000B4F84E10E08EB1EB400F05D24FF6FF7193
:108EF00001EA4001A4F84E101E3400EB4000218E20
:108F00000844E085207840F00400207010BD016F17
:108F1000002912D000E011460A68002AFBD1C26E77
:108F20000A60016FC1660021016790F84620521C5B
:108F300080F846208163FFF7F7B870472DE9FC5FA2
:108F40008146DDE90CAB884616461F4600221421F7
:108F50000120FEF751F80546280029D06C685046DC
:108F6000FDF704FC20805846FDF700FC6080484671
:108F7000FDF7F0FB60604046FDF7ECFBA06045F2BA
:108F80001400FDF7F3FBA08146F60B00E081002002
:108F9000208260820621CDE90001FF233A46314656
:108FA0002846FDF763F82846BDE8FC5FFEF795B953
:108FB000BDE8FC9F10B50446002C09D0606808B1DC
:108FC000FEF78BF92146BDE810400420FDF794BE62
:108FD00010BD10B503E00468FFF7ECFF2046002841
:108FE000F9D110BD7CB504460025206DFDF7B2FB1C
:108FF0000346002229462046FFF75AF9054695B157
:10900000A07F20F00300A0770621607ACDE900015F
:10901000A37A221D21462846FDF728F82846FEF7A8
:109020005CF900207CBD6FF001007CBD70B5054689
:10903000EC6E002C01D109E00C4621680029FBD11F
:10904000E0688089FDF799FB400705D02846BDE818
:1090500070400121FEF722BD0120FDF787FB01468C
:10906000E068828911438181A87F40F02000A877C1
:10907000002070BD816770472DE9FC47964FF86866
:10908000401CF860B878401CB8704FF4FA7A4FF082
:1090900000090026BC69FBE094F82110B8788142F1
:1090A00001D1E468F4E084F821000025A846217E7F
:1090B000022903D194F8460006281BD094F84620D4
:1090C0000C2A19D094F89100C0B194F89010491C62
:1090D000C9B284F89010814A825C914244D384F8EA
:1090E0009090072802D2401C84F89100204600F09E
:1090F000E0FA39E0012537E0012535E0B4F9340024
:10910000002801DB401CA086206F68B3B4F934004E
:10911000B4F94430984227DB02290AD040346088F1
:10912000B4F9001000EBE1006D49895C8840A08033
:10913000403CA4F83490B4F84C00B4F86010884275
:1091400000D308464108A4F84E10E08EB1EB400F62
:1091500005D24FF6FF7101EA4001A4F84E10A4F8C1
:109160004C002046FFF7D3FE207E062809D1A17FC0
:10917000C90606D5616AFA68511A282901D96D1CF9
:10918000EDB2217A090727D5042801D0072823D179
:109190005449D4F88C00FB680144B1FBFAF2616ACF
:1091A000591A8A4204D26D1CEDB24FF0010813E047
:1091B00094F8922042F29F4312FB03F200EBC200AC
:1091C000B0FBFAF0884207D22046FEF7A3FE94F8DF
:1091D0009200401C84F89200207E032806D1616A28
:1091E000FA68511A282901D96D1CEDB2092806D157
:1091F000606AF968081AF02801D96D1CEDB255B300
:109200002046FFF750F916B1E068F06001E0E06831
:10921000B861B8F1000F09D0A08B618BCDE90010C7
:10922000231D2246A16A206DFFF788FED4F88850DE
:10923000D4F810802146E4680220FDF75DFD87F830
:1092400000901DB16FF009014046A847387800280A
:109250007FF41FAF1CE02646E468F07F401CC0B2DC
:10926000F07796F82010884212D386F81F9087F87E
:109270000090D6F884201AB131463069904700E05A
:10928000002039780029E3D110B93046FEF74CFFB1
:10929000002C7FF401AF0025FC6918E00020616A12
:1092A000FA68511AF02900D9012070B12046FFF761
:1092B000FAF815B1E068E86001E0E068F86121467D
:1092C000E4680220FDF718FD01E02546E468002C63
:1092D000E4D1BDE8FC870000C014002087AD000881
:1092E000BCAD0008B84C0A00704700001CB5184C13
:1092F00021784A0701D500201CBD8A0716D5826A4D
:10930000E1688B1A17D4838D1A448A1A002A12DC5A
:109310006068104B02884088CDE9000260880E4AE0
:1093200001442069FFF70AFE00201CBDC90702D0D6
:109330000A4909684162618839B1817F41F00201BF
:109340008177BDE81C40FEF7EFBE00201CBD000089
:10935000E41400209014002094140020CC14002069
:1093600010B5FEF705FC05494878401C4870C00759
:1093700003D0BDE81040FFF77FBE10BDC014002031
:1093800070B5858D836A5A19C48E40F2B456016B4C
:10939000B44200D934460C44141B02D4C585501A7B
:1093A00070BD5A1A002A02DD0021C18501E0C91AE8
:1093B000C185002070BD2DE9FF4F8BB00546914659
:1093C00000200A9000260027099082460024089079
:1093D000079006908046E88EB5F86210B0EB510F0A
:1093E00000D3480805900C9860B14946284600F023
:1093F00039F9002808D1B5F868B0E86E002869D0BE
:10940000064605E06FF00D000FB0BDE8F08F064690
:1094100030680028FBD1B07AC10701D0042100E0F8
:109420000021800701D50C2000E00020084431898C
:109430000A180598801A82B2B5F86A00069070B1D1
:109440003746484501D2804600E0C84604EB080391
:109450009CB2A0EB08000690A2EB080082B24C453B
:1094600038D2002A36D0002934D0A9EB040090422B
:1094700000DD104680B2049037460E98C00714D025
:109480000E980121CDE90050029106AB032004990A
:10949000FEF7E0FF0A9000287DD00C98049A01198D
:1094A0000A984068F6F7A0FE0BE001220320049919
:1094B000FDF7A2FD0A9000287CD00C9801190A98AB
:1094C00041600498204484B20A98FDF777FE58441E
:1094D0001FFA80FB5EE0A9EB040080B2089A0599B0
:1094E000891A89B2884200D9084603900E98C007AD
:1094F0001ED0BAF1000F19D000200E990290CDE9CC
:1095000000510899039806AB084481B20020059ADF
:10951000FEF7A0FF0490F0B30C980119049842687C
:1095200008981044039AF6F75FFE16E00120E4E77E
:10953000012200200399FDF75FFD071E3AD00C9829
:1095400020447860002210460899FDF755FD0490EC
:1095500048B339460498FDF713FE0498FDF72EFE34
:1095600058441FFA80FBBBF1080F20D807980090E1
:10957000E86D0022031928460499FEF72FFA071E0A
:1095800018D0BAF1000F27D00998076009970398FF
:10959000204484B200E00DE04C459CD3B8F1000FAC
:1095A00031D074682AE03846FDF797FE02E004984F
:1095B000FDF793FEA87F40F08000A8770A9810B1CD
:1095C0000A98FDF78AFEBAF1000F02D05046FFF765
:1095D00000FD4FF0FF3017E7BA46D7E72089404437
:1095E0002081206848B961896068424608440C9926
:1095F000F6F7FAFD6089404460812468002CEDD1C3
:10960000308940443081BDF81800A5F86A000A98F6
:1096100040B170680A99FDF7B3FD0A983189008955
:1096200008443081DEB1C6F800A055F85C0F48440C
:1096300028606889A0EB09006881A5F80CB067B1C3
:10964000F86850B10E98800707D40820FDF78EF80F
:109650000146F8688289114381810020D4E6C5F86B
:109660006CA0E2E7027E042A08D0072A06D0022A6C
:1096700004D0032A02D06FF00C00704759B1B0F843
:1096800066204FF0FF338A4207D2817F41F080018C
:1096900081771846704700207047B0F86810082995
:1096A00001D200207047817F41F080018177184608
:1096B00070472DE9FC4105462C6F002C00D1EC6E63
:1096C000002C41D0E0688089FDF757F8C00701D031
:1096D0002089D8B14FF00008B8F1000F19D000224E
:1096E000E068002143682846FEF7E2FD074638009F
:1096F0002AD07E68B8F1000F0DD01120FDF736F8A2
:10970000B18921F47C510843B0810EE04FF001088B
:10971000E2E70122E4E706F1140160682389028987
:10972000D21A93B20122FDF7A2FD06200021CDE955
:109730000010AB7A2A1D29463846FCF797FC3846BC
:10974000BDE8FC41FDF7C9BDBDE8FC812DE9F04154
:109750000646234DE878002824D0002E22D04FF46E
:10976000805739E0B6F8661000291BD0EC699CB12F
:109770008C4200D90C46BC4200D93C46A2B201231F
:109780003046A969FFF717FEE8B1401C0AD0304601
:10979000BDE8F041FBF7D2BB012A05D0022A0BD06D
:1097A00000202871BDE8F081022028710C48243087
:1097B000A8610620E8610FE003202871E868A8612D
:1097C0002869E86108E0A8692044A861E869001BED
:1097D000E8613046FEF7A8FC2A79002AC2D1E1E709
:1097E000381400202DE9F04104460025194E736815
:1097F0006FF0070715E09C4201D1012510E0588A5F
:1098000090420DD14BB1D3F800C0BCF1000F04D091
:1098100019B1086808B1844502D13846BDE8F08125
:10982000DB68002BE7D119B10868206012B106E0AF
:109830000020FAE700F0DAF80246100002D0628257
:1098400015B104E03846E9E77068E0607460002014
:10985000E4E70000001500202DE9FC5F81460F467B
:10986000D9F804A0B9F8082008219AF8000000F0FF
:109870000F0001EB80018A4205D380004142484637
:10988000FDF75AFD20B14846BDE8FC5FFDF725BD58
:10989000D9F80440DFF848813946D8F80000FCF7D1
:1098A00028FA05462088FCF768FF06466088FCF722
:1098B00064FF84460024BCF1440F05D0002300203F
:1098C00048494C68019447E0432E49D1786AE8B38F
:1098D0004068D8B3011D05D0416819B1424A1268E9
:1098E00091423DD104463BE00021628A62451BD192
:1098F00015B99CB122688AB1D4F800E0D8F800B05C
:10990000DE450BD085B14CB1BEF1000F06D0BA6870
:109910000EEA020E0BEA020BDE4505D1012118B951
:10992000227C520700D42046A1B1A18AB14211D1B4
:10993000211D05D0616819B12B4A1268914209D1E5
:1099400063B1E168D9602749019A00E008E0E2606C
:109950004C6003E02346E468002CC5D104B90446FA
:1099600024B97868D8F80010884234D16FF0070124
:109970004846FDF7E1FC20B14846BDE8FC5FFDF735
:10998000ACBC74B1A5693DB10096174B4A4621465F
:10999000E069A847BDE8FC9F4846BDE8FC5FFDF7CD
:1099A0009CBC9DB998F80000C0F303100E280DD0A0
:1099B0009AF8000000F00F01082000EB81014846F2
:1099C000FDF7BAFC03214846FCF79EF84846BDE87F
:1099D000FC5FFDF782BC4846BDE8FC5FFDF77DBC3F
:1099E000941400200015002090140020F0B50021F0
:1099F0000F4D4FF6FF764FF440476C684FF4804CA4
:109A00002888421C2A80B04200D12F8020462A8814
:109A100009E0438A934205D1491C89B26145EFD3DD
:109A20000020F0BDC0680028F3D12888F0BD0000F8
:109A3000001500202DE9FE4F0446DDF830900F465A
:109A400092469846628A002A05D121462046FFF7B1
:109A5000C9FE002815D108213846FDF76DFC90B1EC
:109A6000002208210120FDF7C7FA0546280006D08C
:109A7000388948B139462846FDF796FB04E04FF097
:109A8000FF30BDE8FE8F3D466E68608AFCF76EFED3
:109A900030804046FCF76AFE70800020F0806CB198
:109AA000206858B1D9F8041088420AD0BD4202D0CB
:109AB0002846FDF712FC6FF00500E2E709F1040803
:109AC00000E0A0462889FCF751FEB080607A1121A1
:109AD0008DE80302A37A524641462846FCF7E0FA95
:109AE0000446BD4202D02846FDF7F7FB2046C8E7F2
:109AF0000A0A0270417070470A0E02700A0C427026
:109B00000A0A8270C1707047000000000000000067
:109B10000000000000000000000000000000000045
:109B20000000000000000000000000000000000035
:109B300000000000000000000000800180018001A2
:109B4000800180018001800180018001800180010D
:109B50008001800100000000800180010000000001
:109B6000000000000000000000000000CC00CC005D
:109B7000CC00CC00CC00CC000000000000000000B5
:109B800000000000000000000000000000000000D5
:109B900000000000000000000000000000000000C5
:109BA00000000000600C600C600C30063006FE1FE8
:109BB000FE1F300638071803FE1FFE1F1803180388
:109BC0008C018C018C01000000008000E003F80F84
:109BD0009C0E8C1C8C188C009800F801E007800EFD
:109BE000801C8C188C189C18B80CF00FE0038000B7
:109BF00080000000000000000000000000000E18BF
:109C00001B0C110C11061106110311039B018E018F
:109C1000C038C06C60446044304430441844186C10
:109C20000C380000000000000000E001F0033807DD
:109C3000180618063003F001F000F8009C310E33CE
:109C4000061E061C061C063FFC73F02100000000E7
:109C50000000000000000000000000000C000C00EC
:109C60000C000C000C000C000000000000000000C4
:109C700000000000000000000000000000000000E4
:109C8000000000000000000000000002000380014E
:109C9000C000C000600060003000300030003000C4
:109CA000300030003000300060006000C000C000B4
:109CB0008001000300020000000020006000C000DE
:109CC0008001800100030003000600060006000674
:109CD0000006000600060006000300038001800164
:109CE000C000600020000000000000000000000034
:109CF00000000000C000C000D806F807E0013003F3
:109D00003807000000000000000000000000000014
:109D10000000000000000000000000000000000043
:109D20000000000080018001800180018001FC3F73
:109D3000FC3F800180018001800180010000000063
:109D40000000000000000000000000000000000013
:109D50000000000000000000000000000000000003
:109D600000000000000000000000800180010001F0
:109D70000001800000000000000000000000000062
:109D800000000000000000000000000000000000D3
:109D9000E007E007000000000000000000000000F5
:109DA00000000000000000000000000000000000B3
:109DB00000000000000000000000000000000000A3
:109DC00000000000000000000000C000C000000013
:109DD00000000000000000000000000C000C000665
:109DE00000060006000300030003800380018001D9
:109DF0008001C000C000C0006000600000000000E2
:109E000000000000000000000000E003F007380E32
:109E1000180C0C180C180C180C180C180C180C1822
:109E20000C180C18180C380EF007E00300000000A6
:109E30000000000000000000000000018001C001DF
:109E4000F00198018801800180018001800180017A
:109E500080018001800180018001800100000000FC
:109E600000000000000000000000E003F80F180CE4
:109E70000C180C1800180018000C000600038001D4
:109E8000C000600030001800FC1FFC1F0000000034
:109E900000000000000000000000E001F807180EBC
:109EA0000C0C0C0C000C0006C003C007000C0018C2
:109EB00000180C180C18180CF807E003000000003C
:109EC00000000000000000000000000C000E000F69
:109ED000000F800DC00C600C600C300C180C0C0CCA
:109EE000FC3FFC3F000C000C000C000C00000000CC
:109EF00000000000000000000000F80FF80F18003C
:109F000018000C00EC03FC071C0E001C00180018C5
:109F100000180C181C0C180EF807E00300000000D5
:109F200000000000000000000000C007F00F381C17
:109F3000181818000C00CC03EC0F3C0E1C1C0C185D
:109F40000C180C18181C380EF007E0030000000075
:109F500000000000000000000000FC1FFC1F000CBF
:109F600000060006000380038001C001C000E0007D
:109F70006000600070003000300030000000000021
:109F800000000000000000000000E003F007380EB1
:109F9000180C180C180C3806F007F007180C0C18E1
:109FA0000C180C180C18380CF80FE0030000000017
:109FB00000000000000000000000E003F007380E81
:109FC0001C0C0C180C180C181C1C381EF81BE01963
:109FD0000018000C000C1C0EF807F0010000000037
:109FE0000000000000000000000000000000000071
:109FF000000000008001800100000000000000005F
:10A00000000000000000000080018001000000004E
:10A010000000000000000000000000000000000040
:10A02000000000008001800100000000000000002E
:10A03000000000000000000080018001000100011C
:10A040008000000000000000000000000000000090
:10A0500000000000000000000010001C800FE00362
:10A06000F8001800F800E003800F001C001000004A
:10A0700000000000000000000000000000000000E0
:10A080000000000000000000F81F000000000000B9
:10A09000F81F0000000000000000000000000000A9
:10A0A00000000000000000000000000000000000B0
:10A0B000000000000000000008003800F001C007A8
:10A0C000001F0018001FC007F00138000800000042
:10A0D00000000000000000000000E003F80F180C72
:10A0E0000C180C180018000C000600038001C000BA
:10A0F000C000C00000000000C000C0000000000060
:10A10000000000000000000000000000E007181838
:10A110000420C229224A114409440944094409225D
:10A120001113E20C024004201818E00700000000A0
:10A130000000000000000000000080038003C00653
:10A14000C006C006600C600C301830183018F83F9C
:10A15000F83F1C700C600C6006C006C000000000D8
:10A1600000000000000000000000FC03FC0F0C0CCD
:10A170000C180C180C180C0CFC07FC0F0C180C30ED
:10A180000C300C300C300C18FC1FFC0700000000D9
:10A1900000000000000000000000C007F01F383879
:10A1A0001C300C7006600600060006000600060063
:10A1B000060006600C701C30F01FE0070000000075
:10A1C00000000000000000000000FE03FE0F060E6D
:10A1D00006180618063006300630063006300630FF
:10A1E000063006180618060EFE0FFE0300000000DB
:10A1F00000000000000000000000FC3FFC3F0C00DD
:10A200000C000C000C000C00FC1FFC1F0C000C00D0
:10A210000C000C000C000C00FC3FFC3F0000000098
:10A2200000000000000000000000F83FF83F1800A8
:10A230001800180018001800F81FF81F1800180060
:10A24000180018001800180018001800000000007E
:10A2500000000000000000000000E00FF83F3C7824
:10A260000E6006E007C00300030003FE03FE03C008
:10A2700007C006C00EC03CF0F83FE00F0000000031
:10A28000000000000000000000000C300C300C301A
:10A290000C300C300C300C30FC3FFC3F0C300C30E0
:10A2A0000C300C300C300C300C300C300000000046
:10A2B000000000000000000000008001800180011B
:10A2C0008001800180018001800180018001800186
:10A2D0008001800180018001800180010000000078
:10A2E000000000000000000000000006000600065C
:10A2F000000600060006000600060006000600062E
:10A300000006180618063807F003E00100000000F8
:10A310000000000000000000000006300618060CD7
:10A32000060606038601C60066007600DE008E0182
:10A3300006030606060C061806300660000000003C
:10A3400000000000000000000000180018001800C5
:10A35000180018001800180018001800180018003D
:10A360001800180018001800F81FF81F000000005F
:10A37000000000000000000000000EE01EF01EF0D3
:10A380001EF036D836D836D836D866CC66CC66CCF1
:10A39000C6C6C6C6C6C6C6C686C386C300000000FB
:10A3A000000000000000000000000C301C303C30B9
:10A3B0003C306C306C30CC30CC308C310C330C33C6
:10A3C0000C360C360C3C0C3C0C380C3000000000F9
:10A3D00000000000000000000000E007F81F1C382B
:10A3E0000E70066003C003C003C003C003C003C0F7
:10A3F00003C006600E701C38F81FE0070000000064
:10A4000000000000000000000000FC0FFC1F0C38E2
:10A410000C300C300C300C300C18FC1FFC070C00FE
:10A420000C000C000C000C000C000C0000000000E4
:10A4300000000000000000000000E007F81F1C38CA
:10A440000E70066003E003C003C003C003C003C076
:10A4500007E006630E3F1C3CF83FE0F700C0000039
:10A4600000000000000000000000FE0FFE1F063884
:10A470000630063006300638FE1FFE0706030606C5
:10A48000060C0618061806300630066000000000AC
:10A4900000000000000000000000E003F80F1C0CAA
:10A4A0000C180C180C001C00F803E00F001E0038FC
:10A4B000063006300E301C1CF80FE00700000000CC
:10A4C00000000000000000000000FE7FFE7F800111
:10A4D0008001800180018001800180018001800174
:10A4E0008001800180018001800180010000000066
:10A4F000000000000000000000000C300C300C30A8
:10A500000C300C300C300C300C300C300C300C306B
:10A510000C300C300C301818F81FE0070000000059
:10A52000000000000000000000000360063006305C
:10A5300006300C180C180C18180C180C380E3006B5
:10A540003006700760036003C001C0010000000016
:10A55000000000000000000000000360C361C36150
:10A56000C3616633663366336633663366336C1BAA
:10A570006C1B6C1B2C1A3C1E380E380E00000000A1
:10A58000000000000000000000000FE00C70183018
:10A590003018700C600EC00780038003C003E00613
:10A5A000700C301C18180C300E6007E00000000022
:10A5B0000000000000000000000003C006600C3036
:10A5C0001C383818300C6006E007C0038001800199
:10A5D0008001800180018001800180010000000075
:10A5E00000000000000000000000FC7FFC7F006015
:10A5F00000300018000C000600038001C00060005D
:10A60000300018000C000600FE7FFE7F00000000F6
:10A6100000000000000000000000E003E003600014
:10A62000600060006000600060006000600060002A
:10A63000600060006000600060006000600060001A
:10A640006000E003E0030000000030003000600024
:10A6500060006000C000C000C000C0018001800137
:10A660008001000300030003000600060000000054
:10A6700000000000000000000000E003E003000311
:10A6800000030003000300030003000300030003B2
:10A6900000030003000300030003000300030003A2
:10A6A0000003E003E003000000000000C001C0015F
:10A6B00060036003600330063006180C180C0000BD
:10A6C000000000000000000000000000000000008A
:10A6D000000000000000000000000000000000007A
:10A6E000000000000000000000000000000000006A
:10A6F00000000000000000000000FFFFFFFF00005E
:10A70000000000000000000000000C000C000C0025
:10A710000C000C000C000000000000000000000015
:10A720000000000000000000000000000000000029
:10A730000000000000000000000000000000000019
:10A7400000000000F003F8071C0C0C0C000FF00FC9
:10A75000F80C0C0C0C0C1C0FF80FF018000000008B
:10A7600000000000000000000000180018001800A1
:10A7700018001800D803F80F380C181818181818F3
:10A78000181818181818380CF80FD8030000000013
:10A7900000000000000000000000000000000000B9
:10A7A00000000000C003F007300E180C180018005D
:10A7B00018001800180C300EF007C003000000004D
:10A7C0000000000000000000000000180018001841
:10A7D00000180018C01BF01F301C18181818181883
:10A7E000181818181818301CF01FC01B00000000A3
:10A7F0000000000000000000000000000000000059
:10A8000000000000C003F00F300C1818F81FF81FEC
:10A81000180018003818301CF00FC00700000000A6
:10A8200000000000000000000000800FC00FC0000A
:10A83000C000C000F007F007C000C000C000C000AA
:10A84000C000C000C000C000C000C0000000000088
:10A8500000000000000000000000000000000000F8
:10A8600000000000E00DF80F180E0C0C0C0C0C0C86
:10A870000C0C0C0C0C0C180EF80FE00D000C0C0C52
:10A880001C06F807F001000000001800180018006E
:10A8900018001800D807F80F381C181818181818BE
:10A8A0001818181818181818181818180000000088
:10A8B00000000000000000000000C000C000000018
:10A8C00000000000C000C000C000C000C000C00008
:10A8D000C000C000C000C000C000C00000000000F8
:10A8E00000000000000000000000C000C0000000E8
:10A8F00000000000C000C000C000C000C000C000D8
:10A90000C000C000C000C000C000C000C000C00047
:10A91000C000F8007800000000000C000C000C00E3
:10A920000C000C000C0C0C060C038C01CC006C0011
:10A93000FC009C018C030C030C060C0C00000000B6
:10A9400000000000000000000000C000C000C000C7
:10A95000C000C000C000C000C000C000C000C000F7
:10A96000C000C000C000C000C000C0000000000067
:10A9700000000000000000000000000000000000D7
:10A98000000000007C3CFF7EC7E383C183C183C11C
:10A9900083C183C183C183C183C183C1000000001F
:10A9A00000000000000000000000000000000000A7
:10A9B000000000009807F80F381C1818181818180D
:10A9C0001818181818181818181818180000000067
:10A9D0000000000000000000000000000000000077
:10A9E00000000000C003F00F300C181818181818D9
:10A9F000181818181818300CF00FC00300000000C9
:10AA00000000000000000000000000000000000046
:10AA100000000000D803F80F380C18181818181880
:10AA2000181818181818380CF80FD8031800180040
:10AA300018001800180000000000000000000000CE
:10AA400000000000C01BF01F301C18181818181840
:10AA5000181818181818301CF01FC01B0018001800
:10AA6000001800180018000000000000000000009E
:10AA700000000000B007F00370003000300030002C
:10AA800030003000300030003000300000000000A6
:10AA900000000000000000000000000000000000B6
:10AAA00000000000E003F003380E180C3800F0033B
:10AAB000C007000C180C380EF007E003000000007F
:10AAC0000000000000000000000000008000C00046
:10AAD000C000C000F007F007C000C000C000C00008
:10AAE000C000C000C000C000C00780070000000018
:10AAF0000000000000000000000000000000000056
:10AB00000000000018181818181818181818181825
:10AB1000181818181818381CF01FE0190000000049
:10AB20000000000000000000000000000000000025
:10AB3000000000000C18180C180C180C3006300619
:10AB40003006600360036003C001C0010000000024
:10AB500000000000000000000000000000000000F5
:10AB600000000000C141C141C3616363636363636B
:10AB70003636363636361C1C1C1C1C1C00000000E9
:10AB800000000000000000000000000000000000C5
:10AB9000000000001C38381C300C600660036003A5
:10ABA000600360036006300C381C1C380000000095
:10ABB0000000000000000000000000000000000095
:10ABC000000000001830301830187018600C600C4D
:10ABD000E00CC006C0068003800380038001800172
:10ABE000C001F00070000000000000000000000044
:10ABF00000000000FC1FFC1F000C00060003800189
:10AC0000C000600030001800FC1FFC1F00000000A6
:10AC10000000000000000000000000038001C000F0
:10AC2000C000C000C000C000C00060006000300074
:10AC300060004000C000C000C000C000C000C000F4
:10AC400080010003000000000000800180018001FD
:10AC500080018001800180018001800180018001EC
:10AC600080018001800180018001800180018001DC
:10AC7000800180018001000000006000C000C00170
:10AC80008001800180018001800100030003000633
:10AC900000030001800180018001800180018001AA
:10ACA000C000600000000000000000000000000084
:10ACB0000000000000000000F010F81F080F000066
:10ACC0000000000000000000000000000000000084
:10ACD00000000000000000000C303D3E3D01103D32
:10ACE0004D4E4D011552666866021A6680828002DA
:10ACF0001F7A9A9C9A02248FB3B6B3032BABD6DA91
:10AD0000D6042C1C2818241020001C1C18181414FD
:10AD10001008100820102018412018103028613029
:10AD200028103830613830104038714038105048A1
:10AD3000905048206058A06058200400040004008F
:10AD400000061C040004F3010548040007CF0106B7
:10AD500048040004D301041004000840010000006E
:10AD6000FFFFFFFF1C00200094001C0010002000CB
:10AD7000180010000402040006000A0006000C007F
:10AD800005000F0032000A0003060C18306078003E
:10AD90009CAE0008C4AE0008E4AE0008A4AE0008F3
:10ADA00090AE000878AE000884AE0008D8AE000867
:10ADB000B0AE0008B8AE0008CCAE00080102030433
:10ADC000050607070707070707000000D41400203F
:10ADD000D0140020D8140020DC140020FFFFFFFF57
:10ADE000FFFF0000000000003C3C2D43414D455258
:10ADF000412D44454255472D3E3E205B25645D5B19
:10AE00004F56353634305D4144353832305F536902
:10AE10006E676C655F466F6375732074696D65203E
:10AE20006F75742021212025780A0A003C3C2D43AF
:10AE3000414D4552412D44454255472D3E3E205BF4
:10AE400025645D5B4F56353634305D5354415F4663
:10AE50004F43555320737461746520636865636B59
:10AE6000204552524F5221212C2073746174653D4C
:10AE7000307825780A0A000046494E5F5741495408
:10AE80005F31000046494E5F574149545F32000030
:10AE900045535441424C495348454400434C4F5359
:10AEA0004544000053594E5F524356440000000091
:10AEB000434C4F53494E47004C4153545F41434B21
:10AEC000000000004C495354454E000054494D4584
:10AED0005F57414954000000434C4F53455F574171
:10AEE0004954000053594E5F53454E540000000032
:10AEF00010AF00080000002010150000BE07000879
:10AF00001CC00008101500206885000028450008B6
:10AF100050060095BA0A0001600901020304060701
:10AF200008090CB110A2000113FFFF0562D00E400A
:10AF300008089B00081000181B62A02400041520BC
:10AF4000030001414C300E8007380401001000045A
:10AF500000E00110134305048710080331110008B5
:10AF6000308204100C4200033103001730FF001838
:10AF700004109234301A00373013000831010030C9
:10AF800036360031360E003236E2003336120021FA
:10AF900036E0000437A00003375A00153778001751
:10AFA0003701000B37600005371A0005390200062B
:10AFB00039100001390A003137120000360800014B
:10AFC0003633002D306000203652001B3720001C25
:10AFD000475000133A4300183A0000193AF8003578
:10AFE00036130036360300343640002236010001A5
:10AFF0003C3400043C2800053C9800063C00000757
:10B000003C080008081016093C1C000A3C9C000B78
:10B010003C400010380000113810001208101208CF
:10B020003764000140020005401A000030000004AF
:10B03000C410060E3058002E0C140B00436F001F76
:10B040005001000E4407100D50A7000F3A300010B9
:10B050003A28001B08101A1E3A2600113A60001FF9
:10B060003A1400005823000158140002580F00033E
:10B0700004100F045812000558260006580C00074B
:10B08000588010055805000904120A0C10060B58C8
:10B090000D000C08100A0D5803000E5800000F0494
:10B0A00012100C100A1158090012580700130C1244
:10B0B0001414100615580100160C12172C1218340F
:10B0C000121908121A4410061B5806001C0C101204
:10B0D0001D580E001E5829001F5817002058110037
:10B0E0002104100E22581500235828002458460029
:10B0F00025801226281227081006285864002908DF
:10B10000100A2A5824002B5822002C08122D041251
:10B110002E4C122F10100A30584000315842003285
:10B12000141233281234081235181236041237104C
:10B130001006385844003914123A0C123B60123C85
:10B140002C10223D58CE008051FF008151F2008228
:10B15000510000835114008451250085512400863C
:10B1600051090087041288041032895175008A51F0
:10B1700054008B51E0008C51B2008D5142008E5131
:10B180003D008F515600905146009151F800925168
:10B190000400935170009451F0009504100A9651E8
:10B1A00003009751010098181006995112009A084F
:10B1B000129B64108A9C5106009D5182009E51385A
:10B1C00000805401008154080082541400835428E4
:10B1D0000084545100855465008654710087547D65
:10B1E0000088548700895491008A549A008B54AA8D
:10B1F000008C54B8008D54CD008E54DD008F54EA7D
:10B200000090541D0081531E0082535B008353083D
:10B210000084530A0085537E008653880087537C40
:10B220000088536C00895310008A5301008B539897
:10B230000080550600835540008455100089041095
:10B240000E8A5500008B55F8001D5040000040103C
:10B25000060153300002301B0353441150120510F5
:10B260001206581006075316000960120A10180B30
:10B270000B5304000C5306002550781811300200BF
:10B280001232030008380100093840000A94B8045B
:10B290000B38F09C10041338042412130452A32C0E
:10B2A00012022C12802C1D3403031738E02C3808AE
:10B2B00035304100363072FC100620384200212023
:10B2C00010061438310015041A00F41A01F81A0295
:10B2D000FC10140338BE0004380A0005383F00068D
:10B2E0003806000738E464120390722064100A0CD8
:10B2F0003807000D3869000E1810040F3821681047
:10B300001C06001836000012362900093752000CBE
:10B31000370300023A0900033A63001408121508C3
:10B320001E045003181702301C000630C3001347D8
:10B330000300074404000B4635000C465010054836
:10B34000220024C810070150A30003358820160DE1
:10B35000F3020A5FC201222200020F313001030210
:10B360000309300206300B9051A5E078BBF6A3E04C
:10B3700008045029E51F7045751E20D234120C0CAC
:10B38000789C120BD278A8A61408A61578B3A60943
:10B39000187601784CA60A08A60B786C15103AE6C8
:10B3A000788CF6751F0178BBE678B8F678BCE6783D
:10B3B000B9F678BDE678BAF62279B8E7D378BB96C5
:10B3C0004005E796FF8008C379BBE778B896FF7819
:10B3D000A6760008A60779B91D82BC1D100CBCE733
:10B3E00078B996FF120C1379BA1982BD193005BDD0
:10B3F000E778BA19400978B2E625E0244CF87F31A5
:10B400000D436CF89A2008B2E6248CF8A6090810BF
:10B410001501FFE433FED3EF940FEE648094804077
:10B42000047F00800518200E04FF78B2A607E51FF0
:10B43000B4010AE660F52005751F0222E1129EE1C3
:10B4400021081007A0120BFF78AA051006FF78ACA0
:10B45000A606A12007788CE678B4F6061006B5F6A5
:10B460007F01EF6E20134D789F120BC9500A120B0B
:10B47000AB789EA60408A6051620046D78AB1622AC
:10B480000F0C30076C120BB078AA1B100C748C2FA9
:10B49000F978B4E6C39750080B22F84C31443009D0
:10B4A000F9D378A1120BCB404682A046111822ADE9
:10B4B00018814882AC485006B5E6D397404810073B
:10B4C000B5F60FEF6410C42006013EC3799F4D14FA
:10B4D00005F778A2F6522004C379AB434004F7780D
:10B4E000AE0E1412B4E778B59608F6D3799FE778D4
:10B4F0009D9619E7188A200A09E7088006C3799DF6
:10B50000E7CB3005F8FE78A4EBC007D379ABE7783A
:10B51000A92323A9E7D8112332B023114E8404D3E1
:10B5200078B3CC1405B3E778B4CC26B754176402CB
:10B5300052381402EF903024740FF0900E8AE49386
:10B54000FF18E6C39F405C111524110EF078A2127B
:10B550000BD9120BA2900E87120BB7741010E87B58
:10B5600004120B90C312070E506F900E8B332007FE
:10B5700078B7E69F40073010070A8016900E8913AF
:10B58000300BD378A7E69F18E69400404860080B7C
:10B59000F0751F0578AE4B22884B22A84B12404B0A
:10B5A00012D34B2340246F220C272222491701F08B
:10B5B000F12815050FD201C202E4F51FF51ED234A1
:10B5C000D232D23522E51F0222931024127534FFA5
:10B5D00075350E753655753701120D85E4FFE81087
:10B5E0000E4CF8E4F608F60FBF34F2900E8C871874
:10B5F00014E549C39F50047F0580027FFB78BBA6FA
:10B6000007120EBC5812030F3C103078BAA607E69A
:10B6100018F608E678B7F678BA0203180EBD763346
:10B62000E408F678B6760175480242100708F67409
:10B63000FF78BF072D25031013BAE675F005A4F5B2
:10B6400049120AFDC2362278B6E6D3DD13021693FC
:10B650001004B40523A41BC201341C05FE08E6FF38
:10B660006603259A1013A236E433F53C903028F097
:10B67000751E10D23422E549401E845D03140490E7
:10B680000E85341D100310080AF8E6FC08E6FD5A82
:10B690004D1D0339971405120EC3D3FD16EED022AB
:10B6A0000D97119D32B4503137111E2004C378C05C
:10B6B0001E53500DB54ABFF3317C211C12FF1D2BC8
:10B6C00078C156100D900E8EE418120EA14002D2D1
:10B6D00036652F0826210410056401704A28140FCE
:10B6E000BE120E974005120E924039120EBA141671
:10B6F000FE1426022315CD2006240378BDF608206B
:10B7000005FD78BEF61F1C080678BEE6FF80041D06
:10B71000041C06FF78BCA6078103252558040205F2
:10B7200059421F05393E0432FF561004984008560E
:10B7300012501442375912FF5952015942045812FB
:10B74000145736188B11561806027F0078BDC94F62
:10B7500008E6F60351131EBE160322181343B35016
:10B7600013223326C3C3081311260113A02603C5D1
:10B770001380209F90040370269C31F21A09B01F99
:10B7800078BCFA041E04F40445D51804020AFD70BE
:10B790005409041F900E8DE478C13419B369654AC9
:10B7A0005965100E22EF8DF0A4A8F0CF8CF0A428DC
:10B7B000CE0B100A2EFE22BC000BBE00291810185A
:10B7C00084FFADF022E4CCF875F008EF2FFFEE33E4
:10B7D000FEEC33FCEE9DEC7411074016FE0FD5F025
:10B7E000E9E4CEFD22EDF8F5F0EE8420D21CFEADAA
:10B7F000F02A1010ED33FD4007985006D5F0F222E4
:10B80000C398FD29200FEA22E88FF0A4CC8BF0A486
:10B810002CFCE98E0610048AF0ED0C12EA0C1004E0
:10B82000CDA8F01810082DCC3825F0FDE92610071A
:10B830002CCD35F0FCEB191005FEA9F0EB361012FB
:10B84000CFC5F02ECD39FEE43CFCEAA42DCE35F078
:10B85000FD0A1222694004758200961021CD33CD75
:10B86000CC33CCC58233C5829BED9AEC99E58298A6
:10B87000400CF582EE9BFEED9AFDEC99FCA940256B
:10B88000D6E4CEFBE4CDFAE4CCF9A88222B800C11C
:10B89000B90059BA002DEC8BF084CFCECDFCE5F089
:10B8A000CBF97818E311BC11E6C014EB33FB10D7C9
:10B8B00003994004EB99FB0FD8E5E4F9FA22211033
:10B8C00017C933C910D7059BE99A4007EC9BFCE9DF
:10B8D0009AF90FD8E0E4C96112FB9B72102A119803
:10B8E0001417C833C810D7079BEC9AE899400AEDA3
:10B8F0009BFDEC9AFCE899F83D8023DAE4CDFBE46B
:10B90000CCFAE4C8F922EB9FF5F0EA9E42F0E99DFB
:10B9100042F0E89C45F022E8600FEFC333901042FC
:10B92000D8F122E493FC740193FD740293FE740336
:10B9300093FF22E6FB08E6F908E6FA08E6CBF822D0
:10B94000ECF608EDF608EEF608EFF622A42582F5EF
:10B9500082E5F03583F58322D083D082F8E49370BA
:10B96000123B1007700DA3A393F8441007F58288CB
:10B9700083E47349302A6860EFA3A3A380DF903883
:10B98000047850120C7F903800E0FEA3E0FDEDFF3C
:10B99000C3120C38903810120C2C90380678521CB8
:10B9A000B2021C12121C1009A3E0B43107785079BE
:10B9B0003C2C0B95903814E0B471157850B50330D9
:10B9C000137802CEC313CE13D8F97951F7EE19F7D5
:10B9D0009038152A30045279522A32152AC2522A36
:10B9E00022532A214B136709043C0DAF45120C1D4D
:10B9F0007D5012059C7858160673AF4311425411BE
:10BA000022469820041F7D3C24425A132004447E81
:10BA100000AD4221153E564F062C07C37859E694D7
:10BA200008B8051F5005EC07C0067608C3785B11FF
:10BA30001C067858120C54DF052E55DF0520089E91
:10BA4000400E7858E6139B1C0955120C8A80047E20
:10BA500000CE031C055C120C4C0106625722425AB0
:10BA6000227257223009E4FCFD786012074F4C1C0B
:10BA700004785526B304100536FE786437437857AA
:10BA80000D21221268221004120C5C183F07422379
:10BA90000652080E264F64225E204118720A1020BA
:10BAA000104FE4FD785F120C772401120C4078638C
:10BAB0000A22020A22670A22030A226B0A12041EC1
:10BAC0001C0D0DBD05D4C20EC20622850841FF061D
:10BAD0001008E0F53DA3E0F53E04123F0412400CCF
:10BAE00010443CD233E54112076709B40309B80496
:10BAF00009BE0509C10609C40709CD0809DE1209F6
:10BB0000E08009E5810A438F0A32900A43910A4393
:10BB1000920A43930A43940A43980A409F00000AFA
:10BB20005E120ECE22041004D20322034C04C20380
:10BB3000220F061C05020A43C2D306100BC20312D1
:10BB40000D14751E70D234111C15804D120F178004
:10BB50005E853D43853E44E545C313FFE543B60698
:10BB60002006028F43E5460D32440D411A400FFD79
:10BB7000E543900E7F120EEA4004EE9FF521600728
:10BB8000FDE544900E8014100D4412078D80118540
:10BB90004046853F455011561006800302078DE34D
:10BBA0001007E53DF0A3E53E04123F0412400C14DB
:10BBB000253CF0903023E4F022C0E0C083C082C076
:10BBC000D0903F0CE0F532E53230E34C30353E901A
:10BBD0006019E0F50A0914080B90601DE0F51413D4
:10BBE0001C0D15300106303203D38001C392810A47
:10BBF000710C400D0A30320C30030920020620017E
:10BC000012100D0B903001E04440F0E054BFF051B1
:10BC10004010E114303311903022E0F508E4F030A8
:10BC2000004212086A400EE5129056A1E0F5093074
:10BC3000300930053B120D871C08E532F0D0D0D01A
:10BC40008291031C07E032900E7DE4C6031C0801BC
:10BC500093FFC3900E7B9203102C9FFFE4939EFEF4
:10BC6000E48F3B8E3AF539F538AB3BAA3AA939A8AF
:10BC700038AF49FCFDFE1205F1120EFCE47BFFFA21
:10BC8000F9F812067C0C2008900E69E4120F1116C8
:10BC90001013854837F536F535F534AF37AE36AD88
:10BCA00035AC34A31920398F378E368D358C34E579
:10BCB0003B4537F53BE53A4536F53AE5394535F547
:10BCC00039E5384534F538E4F522F523853B3185EF
:10BCD0003A3085392F85382E020DC5AD39AC386123
:10BCE0002305F1854C0E8D398C38AB37AA36A93532
:10BCF000A8342285083DD80740052293FFE49361CC
:10BD0000643C0C22F9C3E69718E6199722FFA80AAB
:10BD10003E22300822E4832197610F51D91E22B0C0
:10BD2000092DFB09512D2F786C2D04400422784CED
:10BD300007300EA7EF26F618E436F62278507E007C
:10BD4000701C1112058A7C0022E0A3E075F002A4A9
:10BD5000FFAEF02C071F9FF682031C0DF622FFE5B5
:10BD6000F034608F82F583ECA2062FFCFD7A032C61
:10BD7000045AE6C3B7034F1322840421AA3C1A22B3
:10BD8000E7C4F854F0C868F709E7C4540F48F7222D
:10BD9000E6FCED75F004A422CB041C0CEEF6ED08D5
:10BDA000F62213FFC3E69F230A10049EFE224112CF
:10BDB000F7416C0D09F72275890375A80175B80460
:10BDC00093091C051575370D2E071804120009DAA2
:10BDD0006C0A120006D200D233D2AFB1091804495E
:10BDE0007537FF201C85300809C23312095DC2086F
:10BDF000D233300B09C23512000EC20BD2353009D6
:10BE00000C1005030AC2090C1B0E03CF380D303489
:10BE1000D3903029E51EF0B41005B2140BC2348063
:10BE2000C1E4F549900E7763D68FD59404900E6ADD
:10BE3000D71408900E72120732EFDC1737EEDB17BB
:10BE400036EDDA1735ECD94634D9340F373185362B
:10BE50003085352F85342E120DC5ED2133830F0526
:10BE60000E126E0E15F52C14AE35AF36E4FDEDC393
:10BE700095375033120F52E493F5381F06100E39E0
:10BE800045386023853982853883E0FC181D6F06AC
:10BE900023520408400502934204181021ECF00DCF
:10BEA00080C722A2AF9231C2AFE5234522900E5D3A
:10BEB000600B120F47E0F52CE0F52D800F0B1FE50E
:10BEC000307E0B225F091C2431F0A23192AF227820
:10BED0007FE4F6D8FD7581CB020C9F001105251675
:10BEE000330250726F66697420201468121C2A563F
:10BEF000401A30297E00300420DF300540BF500357
:10BF000000FD502701FE600011003F0530003F0694
:10BF100022003F012A003F0220122C080607003FA2
:10BF20000B0FF0A7121C0D300140BF300100BF30D5
:10BF30002970001C1222FF041C12360336024144F1
:10BF4000582018100A04040003FF64CE124D0B138E
:10BF50001C0F02040600039800CC503C281E0C0C59
:10BF600083111C0B0C10040C6E060500A55A530916
:10BF70001C04D308FF8C091806F8EF648098EA893E
:10BF8000843F78BFD60A3C0AD3EF9DEE9C2278BB53
:10BF9000D3D7094E22EF0A2D1F0BDE22D40B210F1F
:10BFA0006DE20B1C07222DFDE433FCEF036C0BFB51
:10BFB000D3ED9B7480F86C982262031622C71C0F85
:10BFC0008F318E308D2F8C2E2293F9F80207AD0918
:10BFD0002281154C0C468E458D448C43D20630068A
:10BFE00042045E0ED2045C0A903F0DE0F533E53367
:10BFF000F04A044D47041007F5828E83228F0519FD
:10C00000DC00066AED02075B0001031FCDAB2300D5
:0CC010000635C000006E195FC2C0CD00F4
:04000005080001AD41
:00000001FF
